"Data Source","World Development Indicators",

"Last Updated Date","2026-07-13",

"Country Name","Country Code","Indicator Name","Indicator Code","1960","1961","1962","1963","1964","1965","1966","1967","1968","1969","1970","1971","1972","1973","1974","1975","1976","1977","1978","1979","1980","1981","1982","1983","1984","1985","1986","1987","1988","1989","1990","1991","1992","1993","1994","1995","1996","1997","1998","1999","2000","2001","2002","2003","2004","2005","2006","2007","2008","2009","2010","2011","2012","2013","2014","2015","2016","2017","2018","2019","2020","2021","2022","2023","2024","2025",
"Aruba","ABW","Domestic general government health expenditure (% of general government expenditure)","SH.XPD.GHED.GE.ZS","","","","","","","","","","","","","","","","","","","","","","","","","","","","","","","","","","","","","","","","","","","","","","","","","","","","","","","","","","","","","","","","","","",
"Africa Eastern and Southern","AFE","Domestic general government health expenditure (% of general government expenditure)","SH.XPD.GHED.GE.ZS","","","","","","","","","","","","","","","","","","","","","","","","","","","","","","","","","","","","","","","","","","","","","","","","","","11.4570914771499","11.7852209426849","","11.6672708274076","11.2303534538277","11.1251610052377","11.7484195167137","12.0641680546618","12.2004027037491","12.1491104966734","12.2735405242511","13.5874243040804","13.7171401363348","13.1032811482672","","","",
"Afghanistan","AFG","Domestic general government health expenditure (% of general government expenditure)","SH.XPD.GHED.GE.ZS","","","","","","","","","","","","","","","","","","","","","","","","","","","","","","","","","","","","","","","","","","","1.21245599","5.45767879","3.60296822","3.38122058","2.7260592","2.61078191","3.00392056","2.51478314","2.2567358","2.18811917","1.37000275","1.77506959","1.86067402","2.01440597","2.14110541","2.31911564","1.90904689","1.77526009","4.24602795","3.96101093","1.12605727","1.46018374","","",
"Africa Western and Central","AFW","Domestic general government health expenditure (% of general government expenditure)","SH.XPD.GHED.GE.ZS","","","","","","","","","","","","","","","","","","","","","","","","","","","","","","","","","","","","","","","","","","","","","","","","","","","","","","","","","","","","","","","","","","",
"Angola","AGO","Domestic general government health expenditure (% of general government expenditure)","SH.XPD.GHED.GE.ZS","","","","","","","","","","","","","","","","","","","","","","","","","","","","","","","","","","","","","","","","","2.73858261","5.96825457","4.19123077","4.26046801","5.65923882","4.8206377","4.7187376","4.51627111","4.0603714","5.77788925","4.24956799","4.58056879","4.20151329","4.57540083","3.61568022","4.56262541","5.43269682","5.36431932","5.36431932","5.5068841","7.30502176","8.77736568","6.69963503","5.89575672","","",
"Albania","ALB","Domestic general government health expenditure (% of general government expenditure)","SH.XPD.GHED.GE.ZS","","","","","","","","","","","","","","","","","","","","","","","","","","","","","","","","","","","","","","","","","8.17372704","8.42368317","8.20897484","8.99717617","9.35447502","9.30094719","9.0339222","9.37710953","7.25106478","7.21709204","8.09451294","8.29091167","8.69734573","8.83006287","8.17427826","8.80356598","9.88866711","9.51418209","9.88601398","10.04622459","9.18517017","9.1411314","12.30900955","12.28282261","","",
"Andorra","AND","Domestic general government health expenditure (% of general government expenditure)","SH.XPD.GHED.GE.ZS","","","","","","","","","","","","","","","","","","","","","","","","","","","","","","","","","","","","","","","","","30.41848755","18.42596626","30.31304932","30.21512604","27.70528984","18.77888107","23.28826904","21.89482689","24.80569077","16.87077713","24.52881241","23.76626968","15.37074852","11.1890831","21.67168999","15.75210571","11.59596729","14.12029457","14.52849674","14.57425785","15.05597019","15.79053783","15.87091827","15.19499683","","",
"Arab World","ARB","Domestic general government health expenditure (% of general government expenditure)","SH.XPD.GHED.GE.ZS","","","","","","","","","","","","","","","","","","","","","","","","","","","","","","","","","","","","","","","","","","","","","","","","","","","","","","","","","","","","","","","","","","",
"United Arab Emirates","ARE","Domestic general government health expenditure (% of general government expenditure)","SH.XPD.GHED.GE.ZS","","","","","","","","","","","","","","","","","","","","","","","","","","","","","","","","","","","","","","","","","7.56610489","7.58357716","7.80031395","8.08750439","7.94020653","8.37682343","8.52716255","8.52688599","8.52666855","8.52688885","8.52679062","8.52676678","8.52671432","8.52679825","7.77782202","9.06668758","9.06668758","7.80896568","7.91993999","7.91993999","11.41091824","12.8867445","12.97939968","14.40998554","","",
"Argentina","ARG","Domestic general government health expenditure (% of general government expenditure)","SH.XPD.GHED.GE.ZS","","","","","","","","","","","","","","","","","","","","","","","","","","","","","","","","","","","","","","","","","17.81966209","16.93632507","17.74765778","17.08436966","14.93299007","16.09741402","15.19339085","14.36670208","14.55631638","16.64416885","16.69724846","16.38767624","16.68478775","16.74073219","16.48707962","16.445961","15.8416214","16.25163269","15.68969917","16.31137466","16.45645332","16.75696182","15.7950449","16.34729767","","",
"Armenia","ARM","Domestic general government health expenditure (% of general government expenditure)","SH.XPD.GHED.GE.ZS","","","","","","","","","","","","","","","","","","","","","","","","","","","","","","","","","","","","","","","","","3.86989212","5.66264772","5.3255291","5.37522793","6.27547503","7.44000816","7.93185902","7.19854879","6.69246197","6.34490108","6.43608856","6.70101976","7.04075432","5.78087997","6.27526045","6.11530304","6.05354738","5.27347183","5.13385916","5.66885042","7.6896224","7.6349659","6.50275373","5.45642519","","",
"American Samoa","ASM","Domestic general government health expenditure (% of general government expenditure)","SH.XPD.GHED.GE.ZS","","","","","","","","","","","","","","","","","","","","","","","","","","","","","","","","","","","","","","","","","","","","","","","","","","","","","","","","","","","","","","","","","","",
"Antigua and Barbuda","ATG","Domestic general government health expenditure (% of general government expenditure)","SH.XPD.GHED.GE.ZS","","","","","","","","","","","","","","","","","","","","","","","","","","","","","","","","","","","","","","","","","11.86253166","12.11715889","10.65088367","12.44891071","12.12656689","11.53017235","8.368083","8.45184612","8.08106136","6.33139181","13.89639091","12.98978615","14.63236332","13.30073166","15.10593987","11.81753826","11.60688305","11.6073885","13.07453442","11.29999447","13.78379345","13.09404564","13.77371883","12.27995205","","",
"Australia","AUS","Domestic general government health expenditure (% of general government expenditure)","SH.XPD.GHED.GE.ZS","","","","","","","","","","","","","","","","","","","","","","","","","","","","","","","","","","","","","","","","","14.60132885","14.70855331","15.51416302","15.48101234","15.94705105","15.90276814","15.93996811","16.49022293","15.61295509","15.88237","16.11460304","16.32250404","16.18693733","15.40093613","17.63661766","18.28901672","18.54291153","18.58210754","18.52639008","17.12651825","17.06309319","19.29201126","20.24867249","21.00860023","","",
"Austria","AUT","Domestic general government health expenditure (% of general government expenditure)","SH.XPD.GHED.GE.ZS","","","","","","","","","","","","","","","","","","","","","","","","","","","","","","","","","","","","","","","","","13.34721375","13.24102306","13.48015594","13.56052971","12.99621677","13.6456871","13.7701931","14.05502892","14.36129475","13.75156307","13.96296597","14.30461502","14.47297001","14.29295731","14.50227928","14.78765869","14.90473557","15.48637295","15.7661314","16.07105827","15.19771099","16.88867569","16.32946968","16.19283485","","",
"Azerbaijan","AZE","Domestic general government health expenditure (% of general government expenditure)","SH.XPD.GHED.GE.ZS","","","","","","","","","","","","","","","","","","","","","","","","","","","","","","","","","","","","","","","","","4.75029039","4.79820633","3.19315743","3.57235146","3.55759931","3.95949173","3.42998004","3.49033976","2.75191212","3.28483939","3.17126107","2.81601381","3.04532456","2.82228613","3.10700679","3.37282634","3.28987098","2.82377267","2.67803526","3.28792715","5.79771805","4.60517836","3.64107466","4.2580843","","",
"Burundi","BDI","Domestic general government health expenditure (% of general government expenditure)","SH.XPD.GHED.GE.ZS","","","","","","","","","","","","","","","","","","","","","","","","","","","","","","","","","","","","","","","","","5.94454002","6.66263866","6.37957811","3.71581554","5.80384302","6.223104","6.48141956","6.32315588","3.78774738","5.4775238","4.86066389","8.22791386","7.11028194","4.43170166","9.79248333","10.44351768","9.90449238","8.35758591","7.90786219","7.90786219","7.33287811","7.33287811","4.72897339","4.72897339","","",
"Belgium","BEL","Domestic general government health expenditure (% of general government expenditure)","SH.XPD.GHED.GE.ZS","","","","","","","","","","","","","","","","","","","","","","","","","","","","","","","","","","","","","","","","","12.06895447","12.43329906","12.28861809","13.30091095","14.17946815","13.29590225","13.94907475","13.94859219","14.31038952","14.38507843","14.42341805","14.23829556","14.21285248","14.30918312","14.49872303","15.34535408","15.57960796","15.91768551","15.87873363","15.62112808","14.92717075","15.45464802","15.18703079","14.93056774","","",
"Benin","BEN","Domestic general government health expenditure (% of general government expenditure)","SH.XPD.GHED.GE.ZS","","","","","","","","","","","","","","","","","","","","","","","","","","","","","","","","","","","","","","","","","7.25110769","7.77235079","6.13154125","7.68920326","8.63661289","7.41133642","8.17379951","6.03954124","5.10336447","5.1059413","5.34460402","4.4236145","5.24633551","5.1338048","4.04459238","3.25478005","4.62731457","3.97174382","4.02434921","3.12481403","2.68062353","1.68089795","2.55340433","2.55340433","","",
"Burkina Faso","BFA","Domestic general government health expenditure (% of general government expenditure)","SH.XPD.GHED.GE.ZS","","","","","","","","","","","","","","","","","","","","","","","","","","","","","","","","","","","","","","","","","4.84836864","4.94217682","5.43493128","5.56972933","8.39099884","6.04864025","6.54068851","6.27068281","7.32152605","7.62939405","6.03235245","6.58739376","4.69605875","6.38293219","7.77367115","7.15264177","11.03399372","10.2352047","8.78502369","9.57691097","11.64750004","9.83841515","8.39684868","8.77536201","","",
"Bangladesh","BGD","Domestic general government health expenditure (% of general government expenditure)","SH.XPD.GHED.GE.ZS","","","","","","","","","","","","","","","","","","","","","","","","","","","","","","","","","","","","","","","","","5.21146441","3.57855344","4.5399313","4.7553134","4.86526632","4.38883734","4.7282033","5.07518816","3.84091425","4.11533833","4.43941641","4.18159103","4.01620436","3.61745524","3.59245324","3.37688875","4.09935808","4.10705233","3.75035429","2.66421318","2.67329168","3.00425434","2.623276","2.47161961","","",
"Bulgaria","BGR","Domestic general government health expenditure (% of general government expenditure)","SH.XPD.GHED.GE.ZS","","","","","","","","","","","","","","","","","","","","","","","","","","","","","","","","","","","","","","","","","8.07666683","9.46551609","10.74446106","11.33319283","10.82743073","11.16988087","10.79413986","9.10506821","9.39310265","9.03616238","10.84995937","11.41062927","11.17939663","10.69857979","10.36410141","10.23375225","11.82779217","11.83658028","11.4341774","11.55380249","12.21726608","13.31113911","11.57172585","12.82675457","","",
"Bahrain","BHR","Domestic general government health expenditure (% of general government expenditure)","SH.XPD.GHED.GE.ZS","","","","","","","","","","","","","","","","","","","","","","","","","","","","","","","","","","","","","","","","","10.26810646","9.03064537","8.22115707","8.75817966","9.0417614","9.13842487","8.94466305","9.06652737","8.83426571","11.16572762","8.23034191","8.0526104","8.29804993","8.45688343","10.09125328","8.8659935","8.52599049","7.97665834","7.23445129","7.06051159","8.29461861","9.00746346","8.64387417","8.48867416","","",
"Bahamas, The","BHS","Domestic general government health expenditure (% of general government expenditure)","SH.XPD.GHED.GE.ZS","","","","","","","","","","","","","","","","","","","","","","","","","","","","","","","","","","","","","","","","","13.34992313","13.96301937","13.40527344","13.80926418","13.04177284","12.86341","12.72621727","13.49935532","14.47344971","15.00968552","15.44239426","13.89659977","14.0604248","14.02134514","14.2129097","12.83696079","13.88535404","15.59642696","14.34790039","14.13741302","14.91028023","12.32061958","15.76340008","13.4813118","","",
"Bosnia and Herzegovina","BIH","Domestic general government health expenditure (% of general government expenditure)","SH.XPD.GHED.GE.ZS","","","","","","","","","","","","","","","","","","","","","","","","","","","","","","","","","","","","","","","","","7.25399256","8.60074425","9.32255745","11.58645248","11.32033443","10.81009102","10.95802307","11.32833004","10.9186964","12.523983","12.60088634","13.38013935","13.88334846","14.79470253","14.43189335","14.9841013","15.62966251","15.4665451","15.14290047","15.36792564","14.88035202","16.0575676","14.565588","14.42121029","","",
"Belarus","BLR","Domestic general government health expenditure (% of general government expenditure)","SH.XPD.GHED.GE.ZS","","","","","","","","","","","","","","","","","","","","","","","","","","","","","","","","","","","","","","","","","12.1293211","10.04257679","9.32076073","10.07395458","9.99574471","10.05169773","8.44287395","8.12453842","5.80340672","6.73101664","8.68532658","7.66490793","8.85453033","8.74394131","8.68483829","8.82638741","10.30651379","10.1955843","10.30541611","11.04388905","11.93542862","13.27325821","11.70340729","11.72658348","","",
"Belize","BLZ","Domestic general government health expenditure (% of general government expenditure)","SH.XPD.GHED.GE.ZS","","","","","","","","","","","","","","","","","","","","","","","","","","","","","","","","","","","","","","","","","5.84757805","6.8270483","7.51454115","7.13568306","7.88192844","8.33217239","9.33244514","10.76810741","13.38402843","12.48273087","12.76388073","12.69621658","12.93638515","12.2732029","12.23422432","11.34556484","12.11457348","11.6249609","12.2098484","12.07653427","11.43843937","13.61467361","11.44796753","10.87746048","","",
"Bermuda","BMU","Domestic general government health expenditure (% of general government expenditure)","SH.XPD.GHED.GE.ZS","","","","","","","","","","","","","","","","","","","","","","","","","","","","","","","","","","","","","","","","","","","","","","","","","","","","","","","","","","","","","","","","","","",
"Bolivia","BOL","Domestic general government health expenditure (% of general government expenditure)","SH.XPD.GHED.GE.ZS","","","","","","","","","","","","","","","","","","","","","","","","","","","","","","","","","","","","","","","","","8.29598331","8.18012047","7.8159523","8.61168194","7.83916283","8.29879856","8.75200176","8.50024891","7.64689112","9.51188183","9.7059021","8.54341412","8.31437492","9.20546436","8.95201874","9.67435074","11.07505703","11.51042938","12.72148514","13.54663086","15.77755356","16.9197998","12.82034683","12.02977371","","",
"Brazil","BRA","Domestic general government health expenditure (% of general government expenditure)","SH.XPD.GHED.GE.ZS","","","","","","","","","","","","","","","","","","","","","","","","","","","","","","","","","","","","","","","","","9.67673969","8.826087","8.28490639","8.50011539","8.73705578","7.98956394","8.32019424","8.63562584","8.77957535","9.14586353","9.05208874","8.80345917","8.53389931","8.92691326","8.92875195","8.34357262","8.67635441","8.92413235","8.80304146","9.10027695","9.03431797","10.66790676","9.80471611","9.47691154","","",
"Barbados","BRB","Domestic general government health expenditure (% of general government expenditure)","SH.XPD.GHED.GE.ZS","","","","","","","","","","","","","","","","","","","","","","","","","","","","","","","","","","","","","","","","","12.27690411","12.37926769","9.33345699","11.64061165","13.969944","12.25700188","12.22062492","10.52801514","11.27821255","11.655159","10.72880936","10.61124134","12.40838051","10.8070507","9.90992641","9.07039738","9.28489876","9.06172657","9.87558651","10.63657379","10.96432972","12.42657375","8.74103642","7.80843592","","",
"Brunei Darussalam","BRN","Domestic general government health expenditure (% of general government expenditure)","SH.XPD.GHED.GE.ZS","","","","","","","","","","","","","","","","","","","","","","","","","","","","","","","","","","","","","","","","","5.72010231","5.97160959","5.1140027","6.98940802","6.39551544","6.43293381","5.81376076","5.77389574","6.20709467","6.21688652","5.77683496","5.74302435","5.44353485","5.12074184","5.20392704","5.86489248","6.15329981","5.87075901","7.14021063","6.48993301","6.94822884","6.82148027","6.18097925","7.02334976","","",
"Bhutan","BTN","Domestic general government health expenditure (% of general government expenditure)","SH.XPD.GHED.GE.ZS","","","","","","","","","","","","","","","","","","","","","","","","","","","","","","","","","","","","","","","","","7.66199493","6.54652882","7.87970304","7.6382122","9.08555698","6.72386217","6.82967377","7.46379232","6.02861881","6.19368172","5.64934969","6.14636755","6.45828485","7.09804106","7.72409058","9.26426601","7.9599781","7.58420563","7.70324659","10.23985958","10.29558849","6.32587957","6.66407251","10.20342922","","",
"Botswana","BWA","Domestic general government health expenditure (% of general government expenditure)","SH.XPD.GHED.GE.ZS","","","","","","","","","","","","","","","","","","","","","","","","","","","","","","","","","","","","","","","","","8.17829704","8.17829704","8.17829704","8.17829704","8.17829704","8.17829704","8.17829704","8.17829704","7.64480686","6.25206232","8.06093502","9.63225174","10.68447876","11.93448162","10.95858192","10.41588783","11.21129513","14.31547451","11.54210281","12.00606537","11.66152477","14.61013889","14.61013889","14.61013889","","",
"Central African Republic","CAF","Domestic general government health expenditure (% of general government expenditure)","SH.XPD.GHED.GE.ZS","","","","","","","","","","","","","","","","","","","","","","","","","","","","","","","","","","","","","","","","","10.02161694","10.7257576","8.60752106","12.54862976","11.27606392","6.40039492","9.17792225","9.87465858","5.28349304","4.57543802","3.34147334","2.93255639","4.22331715","7.34515285","3.94678593","3.26452565","4.94713306","5.25997734","3.91087461","4.84231758","4.86442041","6.42073488","8.47619724","8.47619724","","",
"Canada","CAN","Domestic general government health expenditure (% of general government expenditure)","SH.XPD.GHED.GE.ZS","","","","","","","","","","","","","","","","","","","","","","","","","","","","","","","","","","","","","","","","","14.8156271","15.27647972","15.88256645","16.36354446","16.9260788","17.13103867","16.78170395","17.06818199","17.28190994","17.32548904","17.37709808","17.58960915","18.17380142","18.53056145","18.96989441","19.06813622","18.96101761","18.80901527","18.70181847","18.92759895","18.36311722","19.79677773","19.36143303","18.68492126","17.75659752","",
"Central Europe and the Baltics","CEB","Domestic general government health expenditure (% of general government expenditure)","SH.XPD.GHED.GE.ZS","","","","","","","","","","","","","","","","","","","","","","","","","","","","","","","","","","","","","","","","","9.46551697798414","9.80468307940086","10.2832799575491","10.7076481539804","10.8843501821856","11.0189754969151","10.7347550326797","10.7898090704405","11.1242680120508","11.2517814100716","11.4664926174045","11.1505854974121","11.2259063669784","11.3972944217298","11.35937343981","11.2911914568958","12.0103493483617","12.0550218463285","12.0953856206597","12.1445309653239","11.7481274563208","12.696113983857","12.3244469477733","","","",
"Switzerland","CHE","Domestic general government health expenditure (% of general government expenditure)","SH.XPD.GHED.GE.ZS","","","","","","","","","","","","","","","","","","","","","","","","","","","","","","","","","","","","","","","","","7.83617067","8.69527817","8.83963394","9.30684757","9.30845737","9.39204693","9.34170818","9.55602741","9.77972221","9.97373199","10.25540829","10.50000191","10.86467552","10.55523682","10.79354095","10.92490101","11.17563915","11.32075405","11.37870598","11.51255226","11.17624092","11.95497608","12.34594059","11.64929962","","",
"Channel Islands","CHI","Domestic general government health expenditure (% of general government expenditure)","SH.XPD.GHED.GE.ZS","","","","","","","","","","","","","","","","","","","","","","","","","","","","","","","","","","","","","","","","","","","","","","","","","","","","","","","","","","","","","","","","","","",
"Chile","CHL","Domestic general government health expenditure (% of general government expenditure)","SH.XPD.GHED.GE.ZS","","","","","","","","","","","","","","","","","","","","","","","","","","","","","","","","","","","","","","","","","10.95628929","11.13347244","11.66363049","12.48133278","13.10177708","12.86940479","13.40539932","13.59831047","13.46145725","13.60349178","13.68902302","14.01050568","14.57309246","15.41127777","15.69308376","16.02235031","16.75084496","17.97215843","18.30398941","18.01159668","18.83919525","15.52394772","19.04703331","19.16633034","19.29641342","",
"China","CHN","Domestic general government health expenditure (% of general government expenditure)","SH.XPD.GHED.GE.ZS","","","","","","","","","","","","","","","","","","","","","","","","","","","","","","","","","","","","","","","","","6.08984089","5.58924198","6.02580309","6.87652969","7.26605844","7.48882914","7.56382084","7.90135717","7.7085824","8.37523174","8.7509222","8.60284996","9.03729343","9.41684246","9.66088581","9.41902351","8.95276546","8.79734421","8.76146317","8.76956177","8.64632607","8.9053545","10.39417267","10.36797714","","",
"Cote d'Ivoire","CIV","Domestic general government health expenditure (% of general government expenditure)","SH.XPD.GHED.GE.ZS","","","","","","","","","","","","","","","","","","","","","","","","","","","","","","","","","","","","","","","","","4.55759859","4.45654726","4.14795876","4.06708717","4.14515257","3.89134884","3.85718441","4.57922173","4.65788126","5.82132435","5.80678844","4.39369249","4.62200308","4.58988285","5.11125422","4.8747077","4.85199261","5.15028763","5.11727667","5.60127592","6.53835297","7.77389526","6.82223606","6.58320475","","",
"Cameroon","CMR","Domestic general government health expenditure (% of general government expenditure)","SH.XPD.GHED.GE.ZS","","","","","","","","","","","","","","","","","","","","","","","","","","","","","","","","","","","","","","","","","4.42626905","5.34374762","6.43298531","6.51537704","5.26183367","5.24748802","5.18314695","4.22608185","3.46105146","3.04738736","2.67579794","3.21048117","3.73180342","2.50095606","2.9397316","1.81293964","1.81293964","0.73440903","1.95703375","2.17985916","3.65950561","2.86292386","3.91280055","3.91280055","","",
"Congo, Dem. Rep.","COD","Domestic general government health expenditure (% of general government expenditure)","SH.XPD.GHED.GE.ZS","","","","","","","","","","","","","","","","","","","","","","","","","","","","","","","","","","","","","","","","","2.49895263","2.49895263","2.49895263","2.49895263","2.49895263","2.49895263","2.49895263","2.49895263","2.49895263","2.49895263","2.49895263","2.53201437","3.87759209","3.90944052","3.98679423","4.10415363","3.80773497","3.84188485","4.16694117","4.12865877","5.08724737","4.5126462","3.98434091","4.00071907","","",
"Congo, Rep.","COG","Domestic general government health expenditure (% of general government expenditure)","SH.XPD.GHED.GE.ZS","","","","","","","","","","","","","","","","","","","","","","","","","","","","","","","","","","","","","","","","","2.27290344","3.31901908","1.3442719","1.85525787","1.78429937","1.95315254","2.08378863","2.05207968","4.54892206","2.52816463","3.60210204","2.33683133","2.67131019","2.20951629","1.9499675","2.70981026","2.88502312","3.41114736","3.48719907","5.10725212","8.21684074","8.21684074","3.52587986","5.42177486","","",
"Colombia","COL","Domestic general government health expenditure (% of general government expenditure)","SH.XPD.GHED.GE.ZS","","","","","","","","","","","","","","","","","","","","","","","","","","","","","","","","","","","","","","","","","14.88161659","15.37750435","14.86478043","15.59885502","15.73734665","16.83091927","16.05757141","16.2844429","16.6930294","17.0406208","16.82773972","16.48455429","16.19955254","16.34110641","16.18276405","17.03754425","17.65917969","18.60467529","15.54749584","16.65906715","18.45023155","19.37218857","15.76684952","16.18694687","17.24350166","",
"Comoros","COM","Domestic general government health expenditure (% of general government expenditure)","SH.XPD.GHED.GE.ZS","","","","","","","","","","","","","","","","","","","","","","","","","","","","","","","","","","","","","","","","","9.1551466","4.11416817","6.71070385","6.68447351","6.75574207","5.42005444","5.18173981","4.33239889","2.86453962","2.77465606","2.83923602","7.23844337","5.35224819","4.449965","3.81965494","2.44571519","3.03607512","3.58549595","3.99391246","4.13345671","6.88908243","4.73731661","4.73731661","4.73731661","","",
"Cabo Verde","CPV","Domestic general government health expenditure (% of general government expenditure)","SH.XPD.GHED.GE.ZS","","","","","","","","","","","","","","","","","","","","","","","","","","","","","","","","","","","","","","","","","7.50158787","11.17305183","9.50427818","11.36700153","9.63142586","8.80299091","8.92111492","10.09019661","8.10848808","8.31165504","7.22675228","8.60777664","8.86496925","9.02955627","9.98307133","10.09395409","10.39242458","9.12374878","11.26552677","11.78346062","13.44707775","14.88970947","16.06422043","13.78944969","","",
"Costa Rica","CRI","Domestic general government health expenditure (% of general government expenditure)","SH.XPD.GHED.GE.ZS","","","","","","","","","","","","","","","","","","","","","","","","","","","","","","","","","","","","","","","","","25.26477432","24.56128693","24.75807571","26.33198166","25.73747253","26.82588387","30.26260757","31.73869324","33.36737442","33.47280121","32.18240356","33.18463135","31.73282051","29.45259285","29.58094978","29.42484665","28.60595512","27.0343132","27.91470909","24.15332603","25.20714569","25.77289963","25.81614685","24.90729523","","",
"Caribbean small states","CSS","Domestic general government health expenditure (% of general government expenditure)","SH.XPD.GHED.GE.ZS","","","","","","","","","","","","","","","","","","","","","","","","","","","","","","","","","","","","","","","","","","","","","","","","","","","","","","","","","","","","","","","","","","",
"Cuba","CUB","Domestic general government health expenditure (% of general government expenditure)","SH.XPD.GHED.GE.ZS","","","","","","","","","","","","","","","","","","","","","","","","","","","","","","","","","","","","","","","","","10.80231476","11.39179516","11.1904707","10.89082336","10.32092667","11.66760921","11.20564365","14.48143005","13.17769623","14.93230438","13.86582184","15.09354115","11.49459648","14.14057541","18.02447128","18.2455864","17.30282402","15.51221848","14.9355917","15.51629925","16.43104172","21.48275948","21.03963661","19.97772026","","",
"Curacao","CUW","Domestic general government health expenditure (% of general government expenditure)","SH.XPD.GHED.GE.ZS","","","","","","","","","","","","","","","","","","","","","","","","","","","","","","","","","","","","","","","","","","","","","","","","","","","","","","","","","","","","","","","","","","",
"Cayman Islands","CYM","Domestic general government health expenditure (% of general government expenditure)","SH.XPD.GHED.GE.ZS","","","","","","","","","","","","","","","","","","","","","","","","","","","","","","","","","","","","","","","","","","","","","","","","","","","","","","","","","","","","","","","","","","",
"Cyprus","CYP","Domestic general government health expenditure (% of general government expenditure)","SH.XPD.GHED.GE.ZS","","","","","","","","","","","","","","","","","","","","","","","","","","","","","","","","","","","","","","","","","5.98569632","6.01684713","6.40096903","5.77545786","5.45835018","5.43130541","5.7055769","5.76537752","6.13280582","6.12379742","6.68294668","6.78436708","5.50081444","6.81208611","5.65165424","6.62951279","7.05495596","7.13075686","6.44311953","9.41559982","13.52484608","16.323246","16.59008026","14.85917091","","",
"Czechia","CZE","Domestic general government health expenditure (% of general government expenditure)","SH.XPD.GHED.GE.ZS","","","","","","","","","","","","","","","","","","","","","","","","","","","","","","","","","","","","","","","","","12.38825798","11.83805084","12.18289185","11.61948967","13.14472771","12.75457001","12.71145344","12.40300465","12.54553795","13.54469585","14.69500732","14.7419138","14.37806797","14.84314823","14.96242809","14.75402832","15.71584797","15.91202831","15.55631256","15.68214798","17.06226158","17.58826828","16.7036171","16.18020439","","",
"Germany","DEU","Domestic general government health expenditure (% of general government expenditure)","SH.XPD.GHED.GE.ZS","","","","","","","","","","","","","","","","","","","","","","","","","","","","","","","","","","","","","","","","","15.93891239","16.10756302","16.24415779","16.38513756","16.17985725","16.38726044","16.62315369","17.06708717","17.08940506","17.26641083","17.12050629","17.61068344","17.81566429","18.26494598","18.72784805","18.99507332","19.07775879","19.37729454","19.4917202","19.52608109","19.31024361","19.96162605","20.44145393","19.20581627","","",
"Djibouti","DJI","Domestic general government health expenditure (% of general government expenditure)","SH.XPD.GHED.GE.ZS","","","","","","","","","","","","","","","","","","","","","","","","","","","","","","","","","","","","","","","","","6.07547617","5.96840477","5.49563599","5.81530714","5.38615036","5.32781839","7.23246288","6.52659225","6.34888077","6.1399169","6.97048712","8.47449207","7.13329363","6.73504782","6.07299089","4.06950951","5.13736486","4.8029952","5.1697979","5.16109753","4.15930223","3.31527162","5.09556341","4.89182281","","",
"Dominica","DMA","Domestic general government health expenditure (% of general government expenditure)","SH.XPD.GHED.GE.ZS","","","","","","","","","","","","","","","","","","","","","","","","","","","","","","","","","","","","","","","","","8.64061165","8.7834692","8.40141296","8.66607666","8.52756691","8.72012901","8.74014854","7.09984493","7.28526783","7.4169898","7.44341135","9.09039211","9.49375534","9.59457207","9.61979961","9.73140144","7.27849007","6.76986217","6.15797138","7.56691742","5.40891504","5.75316286","6.20045137","5.03135157","","",
"Denmark","DNK","Domestic general government health expenditure (% of general government expenditure)","SH.XPD.GHED.GE.ZS","","","","","","","","","","","","","","","","","","","","","","","","","","","","","","","","","","","","","","","","","12.74854279","13.288517","13.72365665","13.94339275","14.2211647","14.87260056","15.44187546","15.74495411","15.82047462","15.9365654","15.79938507","15.50416565","15.34686089","15.64888","15.80607033","16.06428337","16.53396034","16.78060341","16.73472214","17.117033","16.90719795","18.21759224","17.81740379","16.91726875","16.85868645","",
"Dominican Republic","DOM","Domestic general government health expenditure (% of general government expenditure)","SH.XPD.GHED.GE.ZS","","","","","","","","","","","","","","","","","","","","","","","","","","","","","","","","","","","","","","","","","12.13758659","11.43885326","10.19451523","6.73424339","6.62144899","8.9872961","8.26970291","10.32302856","11.47650242","14.43360138","15.67889881","17.06970024","13.96876812","15.03563976","14.47596073","14.19551849","15.69811821","15.10849476","15.66787052","14.95226765","14.6783371","18.2608757","15.2007637","15.41133881","","",
"Algeria","DZA","Domestic general government health expenditure (% of general government expenditure)","SH.XPD.GHED.GE.ZS","","","","","","","","","","","","","","","","","","","","","","","","","","","","","","","","","","","","","","","","","8.77923775","9.26661205","7.97343826","9.43778801","8.66916943","7.76159906","7.84512997","7.63073635","7.68720913","8.64468479","9.18787575","9.03425121","10.06144714","11.70106602","11.41803837","10.60481071","10.60594082","10.60604","10.60616875","8.83036137","8.83030605","8.82852936","5.25156403","6.16833448","","",
"East Asia & Pacific (excluding high income)","EAP","Domestic general government health expenditure (% of general government expenditure)","SH.XPD.GHED.GE.ZS","","","","","","","","","","","","","","","","","","","","","","","","","","","","","","","","","","","","","","","","","","","","","","","","","","","","","","","","","","","","","","","","","","",
"Early-demographic dividend","EAR","Domestic general government health expenditure (% of general government expenditure)","SH.XPD.GHED.GE.ZS","","","","","","","","","","","","","","","","","","","","","","","","","","","","","","","","","","","","","","","","","","","7.37095477629071","7.81270116855602","7.71199954890625","7.4985246353583","","","8.11011446664934","8.99041370521836","8.70110859746414","9.09503793775365","8.7736698155739","8.77474263810998","9.43936306656595","9.68879062844837","9.95285321536302","10.1375269861973","9.60965348336018","","","","","","","",
"East Asia & Pacific","EAS","Domestic general government health expenditure (% of general government expenditure)","SH.XPD.GHED.GE.ZS","","","","","","","","","","","","","","","","","","","","","","","","","","","","","","","","","","","","","","","","","","","","","","","","","","","","","","","","","","","","","","","","","","",
"Europe & Central Asia (excluding high income)","ECA","Domestic general government health expenditure (% of general government expenditure)","SH.XPD.GHED.GE.ZS","","","","","","","","","","","","","","","","","","","","","","","","","","","","","","","","","","","","","","","","","","","","","","","","","9.92384605878655","10.8219397488724","10.1273520909276","10.1164354470829","9.59311947025711","9.4530353041706","9.68669559836263","9.55379467164582","9.79383120294696","9.58307365213192","9.30131271195769","9.32012352544909","10.1642718397466","11.3539750826804","10.1735080544766","9.91906328344961","","",
"Europe & Central Asia","ECS","Domestic general government health expenditure (% of general government expenditure)","SH.XPD.GHED.GE.ZS","","","","","","","","","","","","","","","","","","","","","","","","","","","","","","","","","","","","","","","","","13.5573798197852","13.7855076864481","14.1003915033149","14.1911577989334","14.3950463733108","14.5788264088783","14.6642769622397","14.5747167846566","14.4254063513486","14.4422526131154","14.275232714523","14.4593559815818","14.3322293492445","14.4220088357921","14.6945711517883","14.9714473902394","15.202694755533","15.1974880675534","15.3872618996133","15.4470705314726","15.7298508214562","16.3838311766535","15.929989396867","14.5127135045035","","",
"Ecuador","ECU","Domestic general government health expenditure (% of general government expenditure)","SH.XPD.GHED.GE.ZS","","","","","","","","","","","","","","","","","","","","","","","","","","","","","","","","","","","","","","","","","4.139431","6.20780277","6.54682684","8.21314716","8.46123028","7.86558485","8.56826591","8.82739544","6.15163374","7.4589715","8.4362812","7.96525431","8.17220497","8.26161385","9.04972267","10.20452404","10.47951508","11.45978069","12.20515823","12.35584259","13.13262463","14.18928719","12.14216518","11.87373734","","",
"Egypt, Arab Rep.","EGY","Domestic general government health expenditure (% of general government expenditure)","SH.XPD.GHED.GE.ZS","","","","","","","","","","","","","","","","","","","","","","","","","","","","","","","","","","","","","","","","","6.66372585","6.63266277","6.14118385","5.44320345","5.24308968","5.24353075","5.04994678","5.01764584","4.69924688","4.71808481","4.36156321","4.82708216","4.38540936","4.1566329","4.16148472","5.05797672","5.05797672","5.41994762","4.72158527","4.82284689","5.16112232","6.79944944","6.76073837","6.92673063","","",
"Euro area","EMU","Domestic general government health expenditure (% of general government expenditure)","SH.XPD.GHED.GE.ZS","","","","","","","","","","","","","","","","","","","","","","","","","","","","","","","","","","","","","","","","","13.487024184693","13.7268991107208","13.9803880557481","14.0449279648284","14.1781882919296","14.3919064627142","14.4232700381901","14.4459565851667","14.5762545439991","14.5547795153472","14.4822857860373","14.5832210984274","14.422678851509","14.5355658843413","14.7641507172081","15.0255108510824","15.3738438936023","15.5182970569563","15.591338217867","15.6284484960265","15.4915129618695","15.9878881586391","15.8220191967546","13.4870323516958","","",
"Eritrea","ERI","Domestic general government health expenditure (% of general government expenditure)","SH.XPD.GHED.GE.ZS","","","","","","","","","","","","","","","","","","","","","","","","","","","","","","","","","","","","","","","","","2.42206764","3.01020408","3.52871037","2.87028527","2.73299789","1.11400759","1.62111926","2.37287188","2.37287188","2.37287188","2.37287188","2.37287188","2.37287188","2.37287188","2.37287188","2.37287188","2.37287188","2.37287188","2.37287188","2.37287188","2.37287188","2.37287188","2.37287188","2.37287188","","",
"Spain","ESP","Domestic general government health expenditure (% of general government expenditure)","SH.XPD.GHED.GE.ZS","","","","","","","","","","","","","","","","","","","","","","","","","","","","","","","","","","","","","","","","","12.41073608","12.52005386","12.50722408","14.01710796","14.05403996","14.40070343","14.68880463","14.58656883","14.82287312","14.7896204","14.74666214","14.59857368","13.35083103","13.88056183","14.09342861","14.77256393","15.09663391","15.28122902","15.11951733","15.22969532","15.14615154","15.1847105","15.20463943","14.84792614","","",
"Estonia","EST","Domestic general government health expenditure (% of general government expenditure)","SH.XPD.GHED.GE.ZS","","","","","","","","","","","","","","","","","","","","","","","","","","","","","","","","","","","","","","","","","10.7823925","10.56832027","9.97256374","11.07697296","11.50922489","11.57533646","11.03644562","11.45343685","11.39427567","11.33548832","11.89297581","11.92760563","11.51954746","12.04530621","12.42745209","12.36456108","12.56473827","12.23001003","12.44092846","12.63746071","12.86363029","13.50727272","12.97925663","12.95845318","","",
"Ethiopia","ETH","Domestic general government health expenditure (% of general government expenditure)","SH.XPD.GHED.GE.ZS","","","","","","","","","","","","","","","","","","","","","","","","","","","","","","","","","","","","","","","","","7.02958441","8.98233509","8.36867619","8.41779327","5.72665405","7.55002403","5.07604456","6.49598169","2.74178195","5.30019999","5.10711384","2.09114432","6.40685463","6.19330263","4.08834219","5.57211685","5.02445269","4.78836012","4.76060486","4.76060486","6.79223251","7.09674501","5.67670202","5.67670202","","",
"European Union","EUU","Domestic general government health expenditure (% of general government expenditure)","SH.XPD.GHED.GE.ZS","","","","","","","","","","","","","","","","","","","","","","","","","","","","","","","","","","","","","","","","","13.2117306835082","13.4507863384657","13.717256492932","13.812943083399","13.9649286656996","14.1565675824614","14.1637322451618","14.1834331736127","14.3071588902205","14.348969400253","14.2776842956176","14.4560083579036","14.3236298892887","14.4577207909567","14.66331010656","14.8966602216754","15.2541437902419","15.3881898878462","15.4425756683202","15.4692818269573","15.3026822102555","15.8499266588754","15.6375674697199","","","",
"Finland","FIN","Domestic general government health expenditure (% of general government expenditure)","SH.XPD.GHED.GE.ZS","","","","","","","","","","","","","","","","","","","","","","","","","","","","","","","","","","","","","","","","","11.21017551","11.69011116","12.09565258","12.44287109","12.7714138","13.15726566","13.57497311","13.64809036","13.7376585","13.38490295","13.29245377","13.58701611","13.77991772","13.6990118","13.57202435","13.67094707","13.35685921","13.56778049","13.58236599","14.06124687","13.97476864","14.62652206","15.12539959","15.19406986","","",
"Fiji","FJI","Domestic general government health expenditure (% of general government expenditure)","SH.XPD.GHED.GE.ZS","","","","","","","","","","","","","","","","","","","","","","","","","","","","","","","","","","","","","","","","","10.58804417","7.9022274","8.03575706","8.61062717","9.25405025","10.35953331","9.96885777","10.59320831","9.78181839","8.37036991","8.79444408","7.47411013","7.50509167","7.46682596","7.10427618","7.04417515","6.66789913","7.72321415","7.75502872","8.72794247","8.6814642","10.31014252","10.32937622","9.32211304","","",
"France","FRA","Domestic general government health expenditure (% of general government expenditure)","SH.XPD.GHED.GE.ZS","","","","","","","","","","","","","","","","","","","","","","","","","","","","","","","","","","","","","","","","","13.49542141","13.6540575","13.85807896","13.74813557","13.93587112","13.90521812","13.99930096","13.95229912","13.91539669","13.95933628","13.74877739","13.81847191","13.81584549","13.98372078","14.14818859","14.51650238","15.17427444","15.21064568","15.22242165","15.05257702","15.00467205","15.55704594","15.25470066","13.69694614","13.80644608","",
"Faroe Islands","FRO","Domestic general government health expenditure (% of general government expenditure)","SH.XPD.GHED.GE.ZS","","","","","","","","","","","","","","","","","","","","","","","","","","","","","","","","","","","","","","","","","","","","","","","","","","","","","","","","","","","","","","","","","","",
"Micronesia, Fed. Sts.","FSM","Domestic general government health expenditure (% of general government expenditure)","SH.XPD.GHED.GE.ZS","","","","","","","","","","","","","","","","","","","","","","","","","","","","","","","","","","","","","","","","","2.59440136","2.85505843","2.87267137","3.14826822","1.58882129","1.84308815","1.7509129","1.70677793","2.67331004","1.55228293","1.77375948","2.87407064","2.14435935","2.58381534","3.68983793","3.35682678","3.19997239","2.36292124","2.48709655","3.0567925","2.91056871","1.73222089","2.76339316","3.43445873","","",
"Gabon","GAB","Domestic general government health expenditure (% of general government expenditure)","SH.XPD.GHED.GE.ZS","","","","","","","","","","","","","","","","","","","","","","","","","","","","","","","","","","","","","","","","","5.24128246","4.53776979","4.66366768","6.7543745","6.51321602","5.07680273","5.76007175","6.36190653","5.61290503","6.81763697","6.81337643","7.18316364","6.19158506","5.25754023","6.38458252","7.03487396","9.20255756","9.7150774","9.41520691","9.59155846","9.59155846","9.59155846","9.59155846","9.59155846","","",
"United Kingdom","GBR","Domestic general government health expenditure (% of general government expenditure)","SH.XPD.GHED.GE.ZS","","","","","","","","","","","","","","","","","","","","","","","","","","","","","","","","","","","","","","","","","15.96845055","16.28044701","16.80185509","16.95295525","17.53717232","17.72014999","18.31504631","18.23152542","17.92643738","18.24290848","17.96255302","18.42205238","18.40160942","18.97663307","19.27662277","19.56064987","19.95613861","19.74937057","20.01935196","20.52682686","20.36441803","22.1180191","20.6544857","20.04862976","","",
"Georgia","GEO","Domestic general government health expenditure (% of general government expenditure)","SH.XPD.GHED.GE.ZS","","","","","","","","","","","","","","","","","","","","","","","","","","","","","","","","","","","","","","","","","4.85252142","6.75043344","7.02040815","7.13276815","6.25","5.57707214","5.23038626","3.95363283","4.83068514","5.88417959","6.15339756","5.04166079","5.50601006","6.85161304","7.77956009","9.60857868","10.32651424","9.5190258","10.32494736","9.38722324","10.73317242","14.22989559","10.73519516","7.77991056","","",
"Ghana","GHA","Domestic general government health expenditure (% of general government expenditure)","SH.XPD.GHED.GE.ZS","","","","","","","","","","","","","","","","","","","","","","","","","","","","","","","","","","","","","","","","","6.10194254","6.10194254","6.10194254","7.78028059","6.91719627","13.63450813","11.49724102","9.73948956","9.87775517","12.35655785","11.91557407","12.07416725","8.9727478","8.61669731","6.71953726","8.55785751","6.53767872","9.27400303","6.56050444","8.76836586","8.02323055","7.71420717","7.40958786","10.05148506","","",
"Gibraltar","GIB","Domestic general government health expenditure (% of general government expenditure)","SH.XPD.GHED.GE.ZS","","","","","","","","","","","","","","","","","","","","","","","","","","","","","","","","","","","","","","","","","","","","","","","","","","","","","","","","","","","","","","","","","","",
"Guinea","GIN","Domestic general government health expenditure (% of general government expenditure)","SH.XPD.GHED.GE.ZS","","","","","","","","","","","","","","","","","","","","","","","","","","","","","","","","","","","","","","","","","2.38682532","2.4863112","4.44303322","2.86385393","1.86152697","2.37759972","1.88660884","2.78024507","2.67598891","1.60398209","1.76977015","3.18447471","2.63003397","2.62362289","3.04792023","1.98006856","4.12965584","3.47824264","3.87917757","6.18767548","4.55165148","4.51033497","5.11740255","5.11740255","","",
"Gambia, The","GMB","Domestic general government health expenditure (% of general government expenditure)","SH.XPD.GHED.GE.ZS","","","","","","","","","","","","","","","","","","","","","","","","","","","","","","","","","","","","","","","","","6.30897522","6.30897522","6.30897522","6.30897522","6.30897522","6.30897522","6.30897522","6.30897522","6.30897522","6.30897522","6.30897522","6.30897522","6.30897522","6.30897522","5.75401974","5.0990448","6.65770149","4.49147081","5.51343632","5.37906027","7.69847441","5.98440981","6.83012342","5.45872927","","",
"Guinea-Bissau","GNB","Domestic general government health expenditure (% of general government expenditure)","SH.XPD.GHED.GE.ZS","","","","","","","","","","","","","","","","","","","","","","","","","","","","","","","","","","","","","","","","","2.52350521","2.52350521","2.52350521","2.52350521","2.52350521","2.52350521","2.52350521","2.52350521","2.52350521","2.52350521","2.52350521","2.52350521","3.88817143","4.44277668","2.59810638","2.50101542","2.36231256","2.75228286","2.59429789","2.44074059","4.79536724","4.55369139","4.8797121","4.28643131","","",
"Equatorial Guinea","GNQ","Domestic general government health expenditure (% of general government expenditure)","SH.XPD.GHED.GE.ZS","","","","","","","","","","","","","","","","","","","","","","","","","","","","","","","","","","","","","","","","","2.30962849","2.90732694","3.19876695","2.86154866","3.27431989","2.83986473","2.53066921","2.44153905","2.43119001","1.93038285","2.06918454","2.15473962","1.99630141","2.11071348","2.06072378","1.78799117","3.11053944","3.93629169","4.27754259","4.79222822","6.39538145","8.99737644","5.86133051","5.86530781","","",
"Greece","GRC","Domestic general government health expenditure (% of general government expenditure)","SH.XPD.GHED.GE.ZS","","","","","","","","","","","","","","","","","","","","","","","","","","","","","","","","","","","","","","","","","9.61341953","10.97902489","10.86962318","10.85597706","9.96563244","11.43558979","11.27762222","11.30030632","11.3433733","11.88302231","12.48673058","10.9583807","9.92933273","8.19275188","8.77235889","8.70538139","8.80892181","8.84219933","8.59100723","8.3047123","8.54084015","9.49316025","8.65288067","8.5835247","","",
"Grenada","GRD","Domestic general government health expenditure (% of general government expenditure)","SH.XPD.GHED.GE.ZS","","","","","","","","","","","","","","","","","","","","","","","","","","","","","","","","","","","","","","","","","7.25555325","7.27699995","7.5790844","7.53162813","10.49572659","9.11107826","6.30969524","7.25542021","7.03745365","7.98257256","7.35750103","8.53557777","9.10919189","8.09837151","7.29635763","7.66007471","7.50820637","8.35155964","8.33406734","9.43220234","6.99832869","6.94147873","6.28453064","7.27203751","","",
"Greenland","GRL","Domestic general government health expenditure (% of general government expenditure)","SH.XPD.GHED.GE.ZS","","","","","","","","","","","","","","","","","","","","","","","","","","","","","","","","","","","","","","","","","","","","","","","","","","","","","","","","","","","","","","","","","","",
"Guatemala","GTM","Domestic general government health expenditure (% of general government expenditure)","SH.XPD.GHED.GE.ZS","","","","","","","","","","","","","","","","","","","","","","","","","","","","","","","","","","","","","","","","","14.0827589","14.40040016","14.79130077","14.20887375","15.73237419","14.20312977","14.5871048","14.23033047","15.49126434","16.02617264","14.24816608","13.75957489","14.31886292","15.82706833","16.46030045","18.10749817","18.20531464","17.21218491","16.67445374","17.65140152","15.86299229","19.77280235","17.3305397","17.7543602","","",
"Guam","GUM","Domestic general government health expenditure (% of general government expenditure)","SH.XPD.GHED.GE.ZS","","","","","","","","","","","","","","","","","","","","","","","","","","","","","","","","","","","","","","","","","","","","","","","","","","","","","","","","","","","","","","","","","","",
"Guyana","GUY","Domestic general government health expenditure (% of general government expenditure)","SH.XPD.GHED.GE.ZS","","","","","","","","","","","","","","","","","","","","","","","","","","","","","","","","","","","","","","","","","7.81650448","6.79539347","7.50901365","7.35764837","7.35295486","6.27540493","5.69657898","6.60877609","7.0215044","7.41419315","7.60515261","8.62060642","8.22607517","8.81889057","9.41685009","10.84070492","10.0542078","10.61353874","10.71157551","10.32425022","13.01163483","12.89485264","8.56493282","7.31209755","","",
"High income","HIC","Domestic general government health expenditure (% of general government expenditure)","SH.XPD.GHED.GE.ZS","","","","","","","","","","","","","","","","","","","","","","","","","","","","","","","","","","","","","","","","","14.4432162010213","14.8833162191632","15.1941226027128","15.2706515969997","15.5218270868261","15.6934465933334","15.891057708698","15.8399656356319","15.7518564767491","15.8628578861832","15.905650194084","16.3581648762467","16.5249288753342","16.6633753286143","17.1810128533113","17.8644792876442","18.1968394481783","18.2760209711137","18.3012150129259","18.4161885766165","18.611532496583","18.7983393198809","19.3974812591489","18.5277334656728","","",
"Hong Kong SAR, China","HKG","Domestic general government health expenditure (% of general government expenditure)","SH.XPD.GHED.GE.ZS","","","","","","","","","","","","","","","","","","","","","","","","","","","","","","","","","","","","","","","","","","","","","","","","","","","","","","","","","","","","","","","","","","",
"Honduras","HND","Domestic general government health expenditure (% of general government expenditure)","SH.XPD.GHED.GE.ZS","","","","","","","","","","","","","","","","","","","","","","","","","","","","","","","","","","","","","","","","","13.67898464","9.93868351","9.4749918","9.88268948","9.59641266","12.36688042","13.42183208","13.63652325","12.56671429","13.9932375","13.96672344","15.02672482","12.83597755","11.81287098","11.55319595","11.32879734","11.29591942","10.62630653","10.8920126","11.1674366","12.34406281","12.09214497","13.31573868","9.42858696","","",
"Heavily indebted poor countries (HIPC)","HPC","Domestic general government health expenditure (% of general government expenditure)","SH.XPD.GHED.GE.ZS","","","","","","","","","","","","","","","","","","","","","","","","","","","","","","","","","","","","","","","","","","","","","","","","","","8.49392364760336","7.46269726254803","","6.3189061485667","6.14575946023849","6.39039565675361","6.39239067165509","6.35427479448806","6.61987371816628","6.27258961046472","6.50193581442513","7.25180371255168","6.89916927949221","","","","",
"Croatia","HRV","Domestic general government health expenditure (% of general government expenditure)","SH.XPD.GHED.GE.ZS","","","","","","","","","","","","","","","","","","","","","","","","","","","","","","","","","","","","","","","","","11.92357922","11.64404964","9.86889458","10.31641197","10.59734058","12.50982666","13.11473179","13.78814316","13.83800697","13.51784134","13.77554512","12.86777401","13.34879112","11.37504864","11.33470726","11.63655186","12.08862114","12.4073143","12.27497387","11.95514011","11.70917988","14.12883949","13.70928764","12.84025669","","",
"Haiti","HTI","Domestic general government health expenditure (% of general government expenditure)","SH.XPD.GHED.GE.ZS","","","","","","","","","","","","","","","","","","","","","","","","","","","","","","","","","","","","","","","","","13.94368362","11.90920353","7.3620429","6.6061697","7.94925022","6.66875458","2.994277","7.11358404","7.42596531","6.77164745","6.43083429","2.98426127","2.78391457","2.99846768","3.20148706","4.40003729","5.02242136","4.54371977","4.67501688","4.24965858","4.84190845","4.3947258","4.10843086","4.56377077","","",
"Hungary","HUN","Domestic general government health expenditure (% of general government expenditure)","SH.XPD.GHED.GE.ZS","","","","","","","","","","","","","","","","","","","","","","","","","","","","","","","","","","","","","","","","","9.85581303","9.66478729","9.66882706","11.56948948","11.08648109","11.35830498","10.65500927","9.79407406","9.8515749","9.71099281","10.1666851","10.09751129","9.78315544","9.56729698","9.39402771","9.2215929","10.11028862","9.88214207","9.88008499","9.30963039","9.98525238","11.01647377","9.91808987","9.50580215","","",
"IBRD only","IBD","Domestic general government health expenditure (% of general government expenditure)","SH.XPD.GHED.GE.ZS","","","","","","","","","","","","","","","","","","","","","","","","","","","","","","","","","","","","","","","","","","","","","","","","","","","","","","","","","","","","","","","","","","",
"IDA & IBRD total","IBT","Domestic general government health expenditure (% of general government expenditure)","SH.XPD.GHED.GE.ZS","","","","","","","","","","","","","","","","","","","","","","","","","","","","","","","","","","","","","","","","","","","","","","","","","","","","","","","","","","","","","","","","","","",
"IDA total","IDA","Domestic general government health expenditure (% of general government expenditure)","SH.XPD.GHED.GE.ZS","","","","","","","","","","","","","","","","","","","","","","","","","","","","","","","","","","","","","","","","","","","","","","","","","","","","","","","","","","","","","","","","","","",
"IDA blend","IDB","Domestic general government health expenditure (% of general government expenditure)","SH.XPD.GHED.GE.ZS","","","","","","","","","","","","","","","","","","","","","","","","","","","","","","","","","","","","","","","","","","","","","","","","","","","","","","","","","","","","","","","","","","",
"Indonesia","IDN","Domestic general government health expenditure (% of general government expenditure)","SH.XPD.GHED.GE.ZS","","","","","","","","","","","","","","","","","","","","","","","","","","","","","","","","","","","","","","","","","3.59241796","3.95831513","3.98283839","4.49961615","4.20149517","4.2081809","4.51137447","5.43742085","4.62985182","5.41294384","3.91489625","3.96251845","4.07335424","4.34042978","5.40550184","6.57872438","8.12968636","8.2089262","8.40313911","8.54535389","10.24196243","12.14989853","8.07985115","8.52073097","","",
"IDA only","IDX","Domestic general government health expenditure (% of general government expenditure)","SH.XPD.GHED.GE.ZS","","","","","","","","","","","","","","","","","","","","","","","","","","","","","","","","","","","","","","","","","","","","","","","","","","","7.12087593305966","","6.14417973611905","6.19699387951012","6.38119993033188","6.45057370080405","6.34829389710662","6.38920657876098","6.41706705633295","5.98409144006303","6.7246966747543","6.83087761728921","","","","",
"Isle of Man","IMN","Domestic general government health expenditure (% of general government expenditure)","SH.XPD.GHED.GE.ZS","","","","","","","","","","","","","","","","","","","","","","","","","","","","","","","","","","","","","","","","","","","","","","","","","","","","","","","","","","","","","","","","","","",
"India","IND","Domestic general government health expenditure (% of general government expenditure)","SH.XPD.GHED.GE.ZS","","","","","","","","","","","","","","","","","","","","","","","","","","","","","","","","","","","","","","","","","3.05056","2.90321684","2.77127647","2.67687607","2.6527741","2.93604422","2.88599753","2.78734279","2.79898262","3.1219337","3.11162996","3.38130069","3.43849397","3.23883247","3.25070548","3.37624002","3.39333463","3.66080451","3.67532182","3.84729862","3.68660474","4.45562935","4.71439028","4.58670855","","",
"Not classified","INX","Domestic general government health expenditure (% of general government expenditure)","SH.XPD.GHED.GE.ZS","","","","","","","","","","","","","","","","","","","","","","","","","","","","","","","","","","","","","","","","","","","","","","","","","","","","","","","","","","","","","","","","","","",
"Ireland","IRL","Domestic general government health expenditure (% of general government expenditure)","SH.XPD.GHED.GE.ZS","","","","","","","","","","","","","","","","","","","","","","","","","","","","","","","","","","","","","","","","","14.95885372","15.58507347","16.03050613","16.89721489","17.35914803","18.25286674","17.42926025","17.35766411","17.41835403","17.30187988","12.35386944","16.17974281","17.92600822","17.91790771","18.02236557","18.1214695","19.26259613","19.86796761","20.05216789","20.46954346","20.29659081","20.97027206","22.36679268","22.15746117","","",
"Iran, Islamic Rep.","IRN","Domestic general government health expenditure (% of general government expenditure)","SH.XPD.GHED.GE.ZS","","","","","","","","","","","","","","","","","","","","","","","","","","","","","","","","","","","","","","","","","10.95240307","11.87062645","9.56564999","10.21229744","10.16240692","9.00558662","9.6129694","11.53469467","9.47516823","12.3770647","12.52360535","12.02372837","15.60608864","16.34275436","23.14384651","25.84053993","24.21533966","24.50479889","20.78560066","19.4479351","19.02957344","16.05150604","19.11185074","19.06149292","","",
"Iraq","IRQ","Domestic general government health expenditure (% of general government expenditure)","SH.XPD.GHED.GE.ZS","","","","","","","","","","","","","","","","","","","","","","","","","","","","","","","","","","","","","","","","","","","","3.13100505","2.98065042","3.19641972","3.0470798","4.6332202","4.14425755","4.73372602","4.80274534","4.79862404","2.3523643","2.37589312","2.36959839","1.6812644","5.98492527","4.77492046","6.43102264","5.99367142","6.16059875","6.98392916","5.84152603","6.18478203","","",
"Iceland","ISL","Domestic general government health expenditure (% of general government expenditure)","SH.XPD.GHED.GE.ZS","","","","","","","","","","","","","","","","","","","","","","","","","","","","","","","","","","","","","","","","","16.03666496","14.8849411","16.83500099","16.54575539","16.17471695","16.10535622","15.56947994","15.31141949","10.82198143","13.37118816","13.68504238","13.0895977","13.8024044","14.38105679","14.58802509","15.14159489","14.3385458","15.37049961","15.87748241","16.44213295","15.75627518","16.46465302","16.47397423","16.06313133","","",
"Israel","ISR","Domestic general government health expenditure (% of general government expenditure)","SH.XPD.GHED.GE.ZS","","","","","","","","","","","","","","","","","","","","","","","","","","","","","","","","","","","","","","","","","9.40964508","9.33316898","8.68584538","9.23413563","9.58080482","9.57161617","9.85081196","9.88249969","9.93712139","9.99987602","10.65287113","10.64939976","10.80281639","10.91187763","11.4034071","11.64865208","11.65191364","11.76447964","11.75612926","11.8999815","11.55164719","13.78275585","11.7809267","11.56584835","","",
"Italy","ITA","Domestic general government health expenditure (% of general government expenditure)","SH.XPD.GHED.GE.ZS","","","","","","","","","","","","","","","","","","","","","","","","","","","","","","","","","","","","","","","","","11.82270718","12.20876884","12.63419819","12.52131939","13.2946434","13.6835537","13.7288208","13.47156715","13.82932663","13.67072773","13.98853397","13.71105003","13.13403702","12.98263645","13.08990002","13.03132439","13.1640873","13.06240177","13.14023685","13.03116512","12.77164555","12.34570313","11.88685894","11.43561649","","",
"Jamaica","JAM","Domestic general government health expenditure (% of general government expenditure)","SH.XPD.GHED.GE.ZS","","","","","","","","","","","","","","","","","","","","","","","","","","","","","","","","","","","","","","","","","11.84148693","8.20096111","8.66761017","6.13759899","7.64527464","7.4342041","6.25744629","8.22749615","8.35763645","7.45104456","9.03293228","9.52876663","9.15779209","10.76929092","11.25196075","12.82021999","12.68386555","13.9547863","13.03939724","13.3204546","13.98892879","16.17764664","18.96323967","15.85596371","","",
"Jordan","JOR","Domestic general government health expenditure (% of general government expenditure)","SH.XPD.GHED.GE.ZS","","","","","","","","","","","","","","","","","","","","","","","","","","","","","","","","","","","","","","","","","12.68911648","13.61480045","13.38210011","11.37036991","9.40058994","11.78674316","11.36012363","12.51918411","15.12543488","17.915905","17.02058601","15.41755867","13.67097759","13.12652111","13.06403065","12.21973801","11.23799038","11.0992403","9.97671986","10.08031368","10.76589775","10.3472929","10.46629906","10.50131416","","",
"Japan","JPN","Domestic general government health expenditure (% of general government expenditure)","SH.XPD.GHED.GE.ZS","","","","","","","","","","","","","","","","","","","","","","","","","","","","","","","","","","","","","","","","","15.06805801","15.94543266","16.06154251","16.3582077","17.19595528","17.75488091","17.86665344","18.22702217","18.09814644","18.05703545","18.93296623","21.69265366","22.22449875","22.21854019","22.57162476","23.15028763","23.17672729","24.46199036","24.48888969","24.6980896","21.95446396","24.53560448","25.36555481","23.30052567","","",
"Kazakhstan","KAZ","Domestic general government health expenditure (% of general government expenditure)","SH.XPD.GHED.GE.ZS","","","","","","","","","","","","","","","","","","","","","","","","","","","","","","","","","","","","","","","","","9.24614048","8.40947342","9.42059898","9.5652113","10.94160748","11.53032875","11.72052765","7.57602596","8.41329765","11.36352253","8.20522785","8.67686558","9.44636345","9.324193","10.03429031","8.39476204","9.48439407","7.85734415","9.09603882","8.2512455","10.06113434","11.61758327","10.60115337","10.70054817","","",
"Kenya","KEN","Domestic general government health expenditure (% of general government expenditure)","SH.XPD.GHED.GE.ZS","","","","","","","","","","","","","","","","","","","","","","","","","","","","","","","","","","","","","","","","","7.08898258","7.08898258","7.08898258","7.02242994","6.9893775","6.89238787","6.81280947","7.03938627","7.17080498","7.2007761","7.24412632","7.98109102","7.35927916","7.14972067","7.8450079","8.07448006","8.02543449","6.79240465","7.21874523","8.22723579","8.91046047","9.28240871","8.65115547","8.65115547","","",
"Kyrgyz Republic","KGZ","Domestic general government health expenditure (% of general government expenditure)","SH.XPD.GHED.GE.ZS","","","","","","","","","","","","","","","","","","","","","","","","","","","","","","","","","","","","","","","","","7.06400633","7.13149929","7.56329107","8.07252979","8.21259594","13.06986713","14.45895767","10.42505074","10.38534927","10.6962328","9.20363903","9.88331318","10.40071106","10.34640503","7.13890553","7.12018585","6.41580772","6.34161329","7.33437634","7.09393597","6.9168787","9.22344398","7.54843807","7.30126333","","",
"Cambodia","KHM","Domestic general government health expenditure (% of general government expenditure)","SH.XPD.GHED.GE.ZS","","","","","","","","","","","","","","","","","","","","","","","","","","","","","","","","","","","","","","","","","8.59173584","7.83031797","8.29783154","9.43044186","9.90109062","9.89736652","7.41110468","6.7482748","6.6590457","5.96768332","6.51964235","6.21460676","6.33065081","6.79168367","6.16770315","6.94011354","6.84824991","6.99591446","7.52334309","6.99103546","6.89796734","14.31049252","6.41508818","6.64742565","","",
"Kiribati","KIR","Domestic general government health expenditure (% of general government expenditure)","SH.XPD.GHED.GE.ZS","","","","","","","","","","","","","","","","","","","","","","","","","","","","","","","","","","","","","","","","","11.40623569","11.40622044","11.40624046","11.40624046","11.40625858","11.40622425","11.40626049","11.375","12.69064713","10.90298462","10.44525528","9.29220772","8.36309528","9.15950966","7.28000021","6.6896553","7.78181839","9.02985096","8.0882349","8.52070999","9.29878044","10.56426334","9.70872879","9.00278091","","",
"St. Kitts and Nevis","KNA","Domestic general government health expenditure (% of general government expenditure)","SH.XPD.GHED.GE.ZS","","","","","","","","","","","","","","","","","","","","","","","","","","","","","","","","","","","","","","","","","5.80614185","6.21548748","5.44581175","6.79344225","6.41686392","6.40821648","6.85759354","6.48289871","6.09010553","6.49729109","6.30367374","6.34333754","7.23994255","6.72259808","6.95824623","6.67836809","8.37210655","8.60020161","6.6684742","6.86373711","8.34524632","8.61449909","5.88078928","7.18737888","","",
"Korea, Rep.","KOR","Domestic general government health expenditure (% of general government expenditure)","SH.XPD.GHED.GE.ZS","","","","","","","","","","","","","","","","","","","","","","","","","","","","","","","","","","","","","","","","","8.27992058","9.29753017","8.93058395","7.48593473","8.29986382","8.8823719","9.59643841","10.11632919","9.79573822","10.08799362","11.28867626","11.05072784","10.98243332","11.52522659","11.73864746","12.11640549","12.69531536","13.17136097","13.71217537","13.88666344","13.01264095","14.34733868","14.9190855","15.61732197","15.50042915","",
"Kuwait","KWT","Domestic general government health expenditure (% of general government expenditure)","SH.XPD.GHED.GE.ZS","","","","","","","","","","","","","","","","","","","","","","","","","","","","","","","","","","","","","","","","","5.44961691","6.17466164","5.69684553","5.63509512","5.14762115","5.38289976","4.34875584","4.87055826","3.69263697","5.17794514","4.98143959","4.98376083","5.11891651","5.44841051","5.49223089","6.47667837","7.47804165","7.7408123","9.01217556","9.16396332","8.65574837","9.94189453","9.40050793","9.02180672","","",
"Latin America & Caribbean (excluding high income)","LAC","Domestic general government health expenditure (% of general government expenditure)","SH.XPD.GHED.GE.ZS","","","","","","","","","","","","","","","","","","","","","","","","","","","","","","","","","","","","","","","","","","","","","","","","","","","10.1792841367985","9.98975734795174","9.96057410459962","10.5013309336939","10.8629562341558","10.9015017559962","11.0417592707412","11.3071206715409","10.9489766361354","11.2582033551071","11.9360061322438","13.0967001021345","11.5028721270587","10.9923185850492","","",
"Lao PDR","LAO","Domestic general government health expenditure (% of general government expenditure)","SH.XPD.GHED.GE.ZS","","","","","","","","","","","","","","","","","","","","","","","","","","","","","","","","","","","","","","","","","6.19914436","7.05502892","6.12984419","6.83480501","5.85327101","5.91417122","4.36346436","3.90299487","3.19745922","5.70376587","2.69455552","1.81748676","1.7665906","2.94007111","2.7363534","3.35080194","3.62799406","4.07695913","4.19733047","5.16324902","4.31482983","4.57976532","4.25355053","3.2051065","","",
"Lebanon","LBN","Domestic general government health expenditure (% of general government expenditure)","SH.XPD.GHED.GE.ZS","","","","","","","","","","","","","","","","","","","","","","","","","","","","","","","","","","","","","","","","","7.53721476","8.86973667","8.29187298","8.07041359","8.91796303","9.22798729","9.82933903","9.98217583","8.95981979","8.34239483","10.28593254","12.40328121","10.07938385","10.79288769","12.38764","12.66004276","13.16996193","12.02719212","11.66725445","13.68380451","14.47089767","11.56579113","12.46416092","15.90552902","","",
"Liberia","LBR","Domestic general government health expenditure (% of general government expenditure)","SH.XPD.GHED.GE.ZS","","","","","","","","","","","","","","","","","","","","","","","","","","","","","","","","","","","","","","","","","4.25491762","4.25491762","4.25491762","4.25491762","4.25491762","4.25491762","4.25491762","4.25491762","4.25491762","5.04660225","5.04660225","5.04660225","5.04660225","1.15725291","2.46118927","3.24339032","3.89701653","3.95514584","5.16622925","4.19834614","3.74818683","3.73020124","4.79117155","4.79117155","","",
"Libya","LBY","Domestic general government health expenditure (% of general government expenditure)","SH.XPD.GHED.GE.ZS","","","","","","","","","","","","","","","","","","","","","","","","","","","","","","","","","","","","","","","","","6.03982067","5.78298664","7.75643206","6.30859995","5.42119884","5.78062487","5.27548695","4.81298208","3.70079064","4.08903933","4.33412743","6.4195838","7.41257477","4.97124195","5.71347761","7.51431656","9.90810204","8.86267471","9.27033234","8.36049366","9.74319744","6.91146994","5.06271315","9.57147312","","",
"St. Lucia","LCA","Domestic general government health expenditure (% of general government expenditure)","SH.XPD.GHED.GE.ZS","","","","","","","","","","","","","","","","","","","","","","","","","","","","","","","","","","","","","","","","","8.08553123","8.09102249","7.76684618","7.16252851","6.86468935","6.16301298","6.3106761","6.90207386","7.21546507","7.39783144","6.98113108","6.73028851","7.28393745","8.15996075","8.1174612","8.40323257","8.51580906","8.7464056","8.51811886","8.2794199","8.59960461","10.01902866","9.877491","9.78612041","","",
"Latin America & Caribbean","LCN","Domestic general government health expenditure (% of general government expenditure)","SH.XPD.GHED.GE.ZS","","","","","","","","","","","","","","","","","","","","","","","","","","","","","","","","","","","","","","","","","","","","","","","","","","","10.601557560163","10.4430905034485","10.4883262230845","11.0075167097508","11.3300976998378","11.485569815042","11.711594898228","11.9808339735332","11.7604087143837","12.0109534291689","12.7306063236534","13.6831378066144","12.2779642603332","11.8403875639314","","",
"Least developed countries: UN classification","LDC","Domestic general government health expenditure (% of general government expenditure)","SH.XPD.GHED.GE.ZS","","","","","","","","","","","","","","","","","","","","","","","","","","","","","","","","","","","","","","","","","","","","","","","","","","","5.2367873120329","","4.51686652408631","4.58394452624197","4.74452477528845","5.09084019782949","5.52261071454574","5.45882302472061","5.41835258520545","4.87880497768917","5.29656423751769","","","","","",
"Low income","LIC","Domestic general government health expenditure (% of general government expenditure)","SH.XPD.GHED.GE.ZS","","","","","","","","","","","","","","","","","","","","","","","","","","","","","","","","","","","","","","","","","","","","","","","","","","","","","","","","5.40079184294151","6.14386299676917","5.25498977097818","","","","","","","","",
"Liechtenstein","LIE","Domestic general government health expenditure (% of general government expenditure)","SH.XPD.GHED.GE.ZS","","","","","","","","","","","","","","","","","","","","","","","","","","","","","","","","","","","","","","","","","","","","","","","","","","","","","","14.19408512","15.12281895","15.55814266","15.64656925","15.01721859","14.91119862","15.29545307","13.26986885","15.92355442","15.89693642","15.85300636","","",
"Sri Lanka","LKA","Domestic general government health expenditure (% of general government expenditure)","SH.XPD.GHED.GE.ZS","","","","","","","","","","","","","","","","","","","","","","","","","","","","","","","","","","","","","","","","","10.13794994","9.51723194","10.37383842","10.3829298","11.04907322","10.13588715","9.56101894","9.32690334","8.72877598","7.83871508","7.83482218","7.96512938","8.06339073","10.10018063","9.03347492","8.40127754","8.56482697","7.6372261","9.48533821","8.91490173","9.73957729","11.30753422","8.20899773","6.32981014","","",
"Lower middle income","LMC","Domestic general government health expenditure (% of general government expenditure)","SH.XPD.GHED.GE.ZS","","","","","","","","","","","","","","","","","","","","","","","","","","","","","","","","","","","","","","","","","","","4.39133959216189","4.30736073817003","4.26638540418342","4.45423942060081","4.52519494843405","4.3886965331738","4.29548831856655","4.62675929436347","4.52048610819298","5.00142329728093","4.77265921416375","4.33880747674346","4.50738168623742","4.77324285618204","4.62082495492846","4.79331011536051","4.74546000748753","","","","","","","",
"Low & middle income","LMY","Domestic general government health expenditure (% of general government expenditure)","SH.XPD.GHED.GE.ZS","","","","","","","","","","","","","","","","","","","","","","","","","","","","","","","","","","","","","","","","","","","","","","","","","","","","","","","","","","","","","","","","","","",
"Lesotho","LSO","Domestic general government health expenditure (% of general government expenditure)","SH.XPD.GHED.GE.ZS","","","","","","","","","","","","","","","","","","","","","","","","","","","","","","","","","","","","","","","","","7.40740728","8.70134163","7.72369576","7.90826988","8.25498962","5.99692535","7.05384493","9.64246845","8.08101749","7.32274485","7.1979928","8.19887447","9.67431164","10.48774624","11.59240246","10.86027813","10.33607674","11.97283363","10.77791023","12.61054611","8.94959354","8.15242481","12.88314819","11.83322239","","",
"Late-demographic dividend","LTE","Domestic general government health expenditure (% of general government expenditure)","SH.XPD.GHED.GE.ZS","","","","","","","","","","","","","","","","","","","","","","","","","","","","","","","","","","","","","","","","","","","","","","","","","","","","","","","","","","","","","","","","","","",
"Lithuania","LTU","Domestic general government health expenditure (% of general government expenditure)","SH.XPD.GHED.GE.ZS","","","","","","","","","","","","","","","","","","","","","","","","","","","","","","","","","","","","","","","","","10.57103539","11.36786652","12.7128334","13.67591095","10.13123989","10.04997158","10.62221146","10.75255203","11.67387962","11.77774429","11.4114542","11.47901821","11.48004436","11.29727268","11.83360958","12.1546669","12.68590927","12.64312267","12.6340704","13.04816532","12.030653","13.96434402","13.05719185","12.73335361","","",
"Luxembourg","LUX","Domestic general government health expenditure (% of general government expenditure)","SH.XPD.GHED.GE.ZS","","","","","","","","","","","","","","","","","","","","","","","","","","","","","","","","","","","","","","","","","12.98787212","14.05965328","13.58975124","13.46735954","14.08533478","13.79857063","14.11738968","14.06171227","14.40140057","14.11613178","13.62410641","11.96399975","10.58925629","10.64737415","10.8537426","10.63425922","10.69193459","10.54775524","10.58269215","10.89836788","10.71037102","11.51112652","11.02347088","10.44170761","10.91682053","",
"Latvia","LVA","Domestic general government health expenditure (% of general government expenditure)","SH.XPD.GHED.GE.ZS","","","","","","","","","","","","","","","","","","","","","","","","","","","","","","","","","","","","","","","","","7.42889071","8.11077213","8.16237354","8.08213711","9.9400692","9.33693027","9.62257767","9.7152071","8.79956532","8.06122971","7.99293184","8.57539368","8.40603542","8.42068386","8.37547684","8.5845499","9.13275623","8.94027042","9.40360928","10.35906219","10.75947285","14.02164268","11.86219311","9.91231823","","",
"Macao SAR, China","MAC","Domestic general government health expenditure (% of general government expenditure)","SH.XPD.GHED.GE.ZS","","","","","","","","","","","","","","","","","","","","","","","","","","","","","","","","","","","","","","","","","","","","","","","","","","","","","","","","","","","","","","","","","","",
"St. Martin (French part)","MAF","Domestic general government health expenditure (% of general government expenditure)","SH.XPD.GHED.GE.ZS","","","","","","","","","","","","","","","","","","","","","","","","","","","","","","","","","","","","","","","","","","","","","","","","","","","","","","","","","","","","","","","","","","",
"Morocco","MAR","Domestic general government health expenditure (% of general government expenditure)","SH.XPD.GHED.GE.ZS","","","","","","","","","","","","","","","","","","","","","","","","","","","","","","","","","","","","","","","","","4.11556196","4.23062134","4.18854809","4.14071369","4.12965059","3.85011864","5.01113462","5.35828495","5.31417799","6.12304688","6.06429052","5.79278231","5.69545412","6.00545788","6.83858538","6.956882","7.00853348","7.10552311","7.15846205","7.30722809","7.22068357","7.27273226","8.59881592","10.60523701","","",
"Monaco","MCO","Domestic general government health expenditure (% of general government expenditure)","SH.XPD.GHED.GE.ZS","","","","","","","","","","","","","","","","","","","","","","","","","","","","","","","","","","","","","","","","","14.67739677","14.25266552","15.04997349","18.3401413","17.22698593","16.81942177","16.07335281","15.54227734","16.29159355","19.1873455","19.50414658","19.10724831","19.28043365","19.62597847","17.63056183","17.21853065","17.1774044","17.30538177","17.04435158","14.49990559","12.30621147","13.64591026","12.035676","11.92660522","","",
"Moldova","MDA","Domestic general government health expenditure (% of general government expenditure)","SH.XPD.GHED.GE.ZS","","","","","","","","","","","","","","","","","","","","","","","","","","","","","","","","","","","","","","","","","8.52794456","9.71184635","11.53735256","9.59353638","15.25031948","13.57666016","12.89050865","13.18110943","12.7215929","12.87592316","13.62691975","13.03699017","13.17397022","12.49917507","12.75728226","12.21473503","12.20803356","11.64592075","12.02570248","12.1204834","12.3761425","14.62191486","12.34735298","12.0681181","","",
"Madagascar","MDG","Domestic general government health expenditure (% of general government expenditure)","SH.XPD.GHED.GE.ZS","","","","","","","","","","","","","","","","","","","","","","","","","","","","","","","","","","","","","","","","","12.02784538","11.97196674","14.0413332","13.11782169","10.01478481","10.54040527","10.24768925","11.83832264","8.97678375","10.43949318","15.20979691","13.9367857","12.93699551","10.26806545","13.92414951","15.27427959","17.51086807","15.03208733","10.42956638","4.44415092","4.21817684","5.37779427","5.51341772","5.51341772","","",
"Maldives","MDV","Domestic general government health expenditure (% of general government expenditure)","SH.XPD.GHED.GE.ZS","","","","","","","","","","","","","","","","","","","","","","","","","","","","","","","","","","","","","","","","","8.82846737","9.03159332","8.61925983","8.14470768","9.60306931","7.65194798","8.44608021","11.2455492","17.98668861","15.74485779","13.5430336","11.76247597","14.14015198","15.93077755","16.8629303","18.45426559","19.74809265","21.47161484","17.67908669","17.85394287","18.17274666","14.48605347","13.27708149","15.56657696","","",
"Middle East, North Africa, Afghanistan & Pakistan","MEA","Domestic general government health expenditure (% of general government expenditure)","SH.XPD.GHED.GE.ZS","","","","","","","","","","","","","","","","","","","","","","","","","","","","","","","","","","","","","","","","","","","","","","","","","","","","","","","","","","","","","","","","","","",
"Mexico","MEX","Domestic general government health expenditure (% of general government expenditure)","SH.XPD.GHED.GE.ZS","","","","","","","","","","","","","","","","","","","","","","","","","","","","","","","","","","","","","","","","","9.89962292","10.2574482","10.43169594","10.69286728","12.07247734","11.14233589","10.73126125","10.71415234","9.43475246","10.29210663","10.41032505","10.5141964","10.65864182","11.24126339","10.34577084","10.86458778","10.41155815","10.7295351","10.41115475","10.31756687","11.5203886","11.03306103","10.38855362","9.36070919","","",
"Marshall Islands","MHL","Domestic general government health expenditure (% of general government expenditure)","SH.XPD.GHED.GE.ZS","","","","","","","","","","","","","","","","","","","","","","","","","","","","","","","","","","","","","","","","","14.49398708","10.92781258","13.72637749","15.99021339","10.68084145","6.46421432","10.61153984","9.56311893","9.3922205","9.85496807","8.17608261","9.30367947","10.01976776","11.06328106","10.18494606","10.75778675","11.36909008","7.68571138","10.76629162","10.15070438","7.75109291","7.45046282","8.60131359","15.23716927","","",
"Middle income","MIC","Domestic general government health expenditure (% of general government expenditure)","SH.XPD.GHED.GE.ZS","","","","","","","","","","","","","","","","","","","","","","","","","","","","","","","","","","","","","","","","","","","","","","","","","","","","","","","","","","","","","","","","","","",
"North Macedonia","MKD","Domestic general government health expenditure (% of general government expenditure)","SH.XPD.GHED.GE.ZS","","","","","","","","","","","","","","","","","","","","","","","","","","","","","","","","","","","","","","","","","14.71431541","12.19929886","12.38785744","13.76112652","13.83370781","13.46777534","13.40144539","12.84653187","12.53623104","12.19207191","12.50852871","12.73551083","12.43339729","13.9270525","12.67158699","12.78399658","13.05398178","11.82731819","12.41411114","13.55631161","12.8283596","13.00440311","12.04928493","12.04928493","","",
"Mali","MLI","Domestic general government health expenditure (% of general government expenditure)","SH.XPD.GHED.GE.ZS","","","","","","","","","","","","","","","","","","","","","","","","","","","","","","","","","","","","","","","","","6.66889286","5.74656248","5.56607676","6.78597498","7.30054569","6.45820856","5.54588985","4.63810968","3.79411197","2.92606354","3.30154085","2.94121718","2.66254306","4.12891102","4.45473289","4.39033413","5.43063307","5.13726282","5.66878557","4.83501434","5.37126255","5.03743124","5.60166168","5.43135643","","",
"Malta","MLT","Domestic general government health expenditure (% of general government expenditure)","SH.XPD.GHED.GE.ZS","","","","","","","","","","","","","","","","","","","","","","","","","","","","","","","","","","","","","","","","","11.78238678","11.58279419","13.11352539","12.25456047","13.36781025","14.10765648","14.26134109","13.28512573","12.02801418","12.44588757","12.7309761","12.91892242","12.98909569","13.99545765","13.83327675","13.9868679","15.46403217","15.98812962","14.93639374","15.9362421","15.62209702","16.26477623","16.15726852","15.90508556","","",
"Myanmar","MMR","Domestic general government health expenditure (% of general government expenditure)","SH.XPD.GHED.GE.ZS","","","","","","","","","","","","","","","","","","","","","","","","","","","","","","","","","","","","","","","","","1.23249876","1.27720726","2.35729265","1.70499873","1.74388623","1.16742086","1.73496282","1.3007797","1.19463682","1.3029182","1.22740936","1.49485052","2.10250854","2.45782161","4.05640554","4.81628418","3.13267946","3.52443361","3.59327793","2.96386218","3.35896754","4.4710865","2.33792186","2.33792186","","",
"Middle East, North Africa, Afghanistan & Pakistan (excluding high income)","MNA","Domestic general government health expenditure (% of general government expenditure)","SH.XPD.GHED.GE.ZS","","","","","","","","","","","","","","","","","","","","","","","","","","","","","","","","","","","","","","","","","","","","","","","","","","","","","","","","","","","","","","","","","","",
"Montenegro","MNE","Domestic general government health expenditure (% of general government expenditure)","SH.XPD.GHED.GE.ZS","","","","","","","","","","","","","","","","","","","","","","","","","","","","","","","","","","","","","","","","","","","","","","","","","","","","10.73071766","11.60591507","10.68526936","10.98364925","11.63480854","10.92123508","9.72641945","10.53136349","11.52457523","13.1277895","14.40235138","17.12354469","16.5957489","","",
"Mongolia","MNG","Domestic general government health expenditure (% of general government expenditure)","SH.XPD.GHED.GE.ZS","","","","","","","","","","","","","","","","","","","","","","","","","","","","","","","","","","","","","","","","","13.35476398","11.05122089","10.90433216","8.85847664","8.80264664","9.4847002","9.51160336","8.16387272","8.55250454","8.74871159","7.74286652","5.62042999","6.50338697","7.10638714","7.48502493","7.72666168","6.46197653","7.02317142","7.37636042","6.87808418","6.92067099","11.73573017","9.25188732","8.56093407","","",
"Northern Mariana Islands","MNP","Domestic general government health expenditure (% of general government expenditure)","SH.XPD.GHED.GE.ZS","","","","","","","","","","","","","","","","","","","","","","","","","","","","","","","","","","","","","","","","","","","","","","","","","","","","","","","","","","","","","","","","","","",
"Mozambique","MOZ","Domestic general government health expenditure (% of general government expenditure)","SH.XPD.GHED.GE.ZS","","","","","","","","","","","","","","","","","","","","","","","","","","","","","","","","","","","","","","","","","6.31664944","6.31664944","6.31664944","6.31664944","6.31664944","8.39700031","5.67257071","5.60290384","5.66810656","4.9652133","4.67241478","4.34422016","4.3945961","4.72615862","4.31728172","5.55443764","5.99596214","6.07456493","5.73160601","6.52060223","7.06412458","7.11263514","6.95726824","6.76256466","","",
"Mauritania","MRT","Domestic general government health expenditure (% of general government expenditure)","SH.XPD.GHED.GE.ZS","","","","","","","","","","","","","","","","","","","","","","","","","","","","","","","","","","","","","","","","","2.51425123","2.42193055","3.58240104","2.60668302","2.96115541","3.84421062","3.55967808","3.88567042","4.48034525","4.47624159","4.22304821","4.40092897","4.16698551","5.38500309","5.24069929","5.53021097","5.75632954","6.06559992","4.79712772","6.17791986","5.41649103","7.20409536","5.94327879","5.94327879","","",
"Mauritius","MUS","Domestic general government health expenditure (% of general government expenditure)","SH.XPD.GHED.GE.ZS","","","","","","","","","","","","","","","","","","","","","","","","","","","","","","","","","","","","","","","","","6.87927103","7.01589203","7.24555254","7.11917353","7.99441957","7.36270761","7.30248404","6.8428731","6.12254477","6.28173685","8.29588032","7.36220407","8.31904316","8.00718403","10.52838707","9.45841885","10.2022686","10.20433331","10.20625019","9.0032053","8.99296188","10.8982172","8.60920906","8.24311256","","",
"Malawi","MWI","Domestic general government health expenditure (% of general government expenditure)","SH.XPD.GHED.GE.ZS","","","","","","","","","","","","","","","","","","","","","","","","","","","","","","","","","","","","","","","","","7.04260349","7.04260349","7.04260349","7.6335125","4.99515104","6.03783035","5.29271793","3.54459715","6.62496853","5.23243809","5.77464294","6.77999687","5.09623861","7.15567255","8.58090496","9.72891998","9.67796707","8.18961334","8.7133112","7.93860054","6.8733201","5.75638103","3.28711009","3.28711009","","",
"Malaysia","MYS","Domestic general government health expenditure (% of general government expenditure)","SH.XPD.GHED.GE.ZS","","","","","","","","","","","","","","","","","","","","","","","","","","","","","","","","","","","","","","","","","4.57726908","4.78832054","5.03528166","5.41107655","5.62838221","5.55390263","6.5490737","6.27600908","5.93352127","5.86503458","6.31136417","6.51518965","6.54217672","6.81631851","7.82402515","8.22995281","8.26288128","8.72014713","8.45166874","8.52427959","8.6899538","10.05688477","8.00283051","7.94301844","","",
"North America","NAC","Domestic general government health expenditure (% of general government expenditure)","SH.XPD.GHED.GE.ZS","","","","","","","","","","","","","","","","","","","","","","","","","","","","","","","","","","","","","","","","","16.0658107054174","16.6670460678429","17.1417898138598","17.4325013422118","17.8606352026646","17.8832687913829","18.4430369491184","18.3892095222102","18.1340599195051","18.1663305722163","18.3569304184377","18.8270557817972","19.5288723169523","20.2232397093088","21.3048960968751","22.1201192626536","22.2773669893524","22.3481958286077","22.3477888768201","22.2635731629798","22.0430008671314","21.1637411937758","23.5117869713118","22.7676375885371","","",
"Namibia","NAM","Domestic general government health expenditure (% of general government expenditure)","SH.XPD.GHED.GE.ZS","","","","","","","","","","","","","","","","","","","","","","","","","","","","","","","","","","","","","","","","","18.65596581","18.65596581","19.85424995","19.49809647","20.06664658","18.94181824","18.42737389","20.65299988","17.22389221","13.49217892","14.5885601","13.31072235","13.71982384","13.58865547","11.96669388","12.35063553","13.80270672","14.02117729","14.20824814","14.08221817","15.70535183","16.60372353","15.88220215","14.99252129","","",
"New Caledonia","NCL","Domestic general government health expenditure (% of general government expenditure)","SH.XPD.GHED.GE.ZS","","","","","","","","","","","","","","","","","","","","","","","","","","","","","","","","","","","","","","","","","","","","","","","","","","","","","","","","","","","","","","","","","","",
"Niger","NER","Domestic general government health expenditure (% of general government expenditure)","SH.XPD.GHED.GE.ZS","","","","","","","","","","","","","","","","","","","","","","","","","","","","","","","","","","","","","","","","","8.3682642","8.34352493","8.35599804","7.62989426","7.34862614","12.34742451","13.54461861","8.63178158","9.1883316","8.69414043","9.17788696","8.29973888","6.24912119","6.55533648","5.40269423","4.58634472","5.68580914","9.66281414","8.3492775","9.37940311","10.34436893","8.74735737","7.1149826","6.15017557","","",
"Nigeria","NGA","Domestic general government health expenditure (% of general government expenditure)","SH.XPD.GHED.GE.ZS","","","","","","","","","","","","","","","","","","","","","","","","","","","","","","","","","","","","","","","","","2.36681986","2.77955914","2.74149632","4.00685167","6.55428886","6.40770292","7.32234478","4.29357767","4.59404516","3.69395757","2.70293093","2.77141333","3.66798377","3.45903826","3.33638","5.33124638","4.8661375","4.44235229","3.8811214","3.76171207","4.18390417","4.3079586","4.3079586","4.3079586","","",
"Nicaragua","NIC","Domestic general government health expenditure (% of general government expenditure)","SH.XPD.GHED.GE.ZS","","","","","","","","","","","","","","","","","","","","","","","","","","","","","","","","","","","","","","","","","12.48380184","12.79048729","13.14511585","12.24404907","10.92097282","11.79316902","13.40531254","14.67852211","14.58318424","16.76971817","15.73639107","15.00097656","15.56665039","15.98526001","16.91161156","17.55064392","17.32945824","17.78736687","18.70357895","18.92516899","18.29687119","20.18052483","18.09780312","18.28967285","","",
"Netherlands","NLD","Domestic general government health expenditure (% of general government expenditure)","SH.XPD.GHED.GE.ZS","","","","","","","","","","","","","","","","","","","","","","","","","","","","","","","","","","","","","","","","","12.28498459","12.68122387","13.44153118","13.80816555","13.90322971","14.25050068","13.56465816","13.70265675","14.07271194","13.92409611","14.13359261","14.51968002","15.0233736","15.24405479","15.17595387","14.8721981","14.87737083","14.94865417","15.25544453","15.57606506","15.78551006","16.77684975","15.71160603","15.55883694","","",
"Norway","NOR","Domestic general government health expenditure (% of general government expenditure)","SH.XPD.GHED.GE.ZS","","","","","","","","","","","","","","","","","","","","","","","","","","","","","","","","","","","","","","","","","14.84878445","15.03281307","15.81267834","15.86160946","16.11783028","16.27973175","16.00895882","16.14440536","16.50714111","16.47738075","16.61421394","16.79300117","17.17745781","17.09642601","17.23254013","17.58081436","17.5472908","17.39582634","17.59609985","17.51844025","17.04553032","17.90555382","17.76253319","17.36733437","","",
"Nepal","NPL","Domestic general government health expenditure (% of general government expenditure)","SH.XPD.GHED.GE.ZS","","","","","","","","","","","","","","","","","","","","","","","","","","","","","","","","","","","","","","","","","4.25074148","4.52761316","6.10134697","5.52154541","5.48284864","6.25147295","7.58403015","5.17588425","5.31127596","4.69078159","4.80506372","4.8736372","4.69186115","4.88382769","5.26823664","5.1459527","5.31455946","4.50787783","3.81159782","4.03386211","5.6691947","6.48608112","8.00670147","7.66042948","","",
"Naoero","NRU","Domestic general government health expenditure (% of general government expenditure)","SH.XPD.GHED.GE.ZS","","","","","","","","","","","","","","","","","","","","","","","","","","","","","","","","","","","","","","","","","23.97120094","21.97912788","19.84620094","21.32181168","21.15412903","25.3666954","26.08400536","25.44540215","13.31953335","9.25016594","10.2488699","12.48200321","8.76167297","8.07032013","10.09282684","9.8901701","10.33345985","8.25861549","10.73138714","9.78691292","9.05271149","10.09949112","11.82882881","12.88486195","","",
"New Zealand","NZL","Domestic general government health expenditure (% of general government expenditure)","SH.XPD.GHED.GE.ZS","","","","","","","","","","","","","","","","","","","","","","","","","","","","","","","","","","","","","","","","","14.70787811","15.17467403","16.27812386","16.22460747","17.00220108","17.37923622","17.93933105","18.14679909","17.50570297","17.82390213","16.68107224","17.07990074","18.33808327","18.38267136","18.51039696","17.93599701","17.91051674","18.26997757","17.48655128","16.19778824","16.58132744","17.2584343","21.13257408","19.21035004","","",
"OECD members","OED","Domestic general government health expenditure (% of general government expenditure)","SH.XPD.GHED.GE.ZS","","","","","","","","","","","","","","","","","","","","","","","","","","","","","","","","","","","","","","","","","14.4650992401443","15.0164708348858","15.3313053473901","15.4117917276669","15.6820172168168","15.8569310653618","16.104083582535","16.0865163768407","15.9200654822602","15.9906132378887","16.0931285643899","16.584350464074","16.7630382167633","16.9076153744311","17.4173791375013","18.084461317966","18.3637864507884","18.4689953936223","18.4789279974631","18.5708690924439","18.6749509356924","18.8451751446046","19.4652706919942","18.3784153405877","","",
"Oman","OMN","Domestic general government health expenditure (% of general government expenditure)","SH.XPD.GHED.GE.ZS","","","","","","","","","","","","","","","","","","","","","","","","","","","","","","","","","","","","","","","","","7.03079271","6.65781879","6.79020882","6.77371311","6.24249697","6.0894146","5.42304897","5.58193493","5.40967321","6.01545334","6.69591188","5.30402422","4.8770771","5.58196163","6.81304836","8.26050186","8.41111374","8.94559097","7.25043583","8.59375286","10.24410915","10.54545403","8.48790264","10.84466648","","",
"Other small states","OSS","Domestic general government health expenditure (% of general government expenditure)","SH.XPD.GHED.GE.ZS","","","","","","","","","","","","","","","","","","","","","","","","","","","","","","","","","","","","","","","","","","","","","","","","","","","10.358787027416","10.3888768234106","9.65643177926902","","10.800837511614","11.4994691292382","11.8994493639721","12.2128400592057","11.9089845995967","12.9687150649089","13.5050697259942","","","","","",
"Pakistan","PAK","Domestic general government health expenditure (% of general government expenditure)","SH.XPD.GHED.GE.ZS","","","","","","","","","","","","","","","","","","","","","","","","","","","","","","","","","","","","","","","","","6.25985909","6.30668402","6.26685572","3.98216033","4.51193905","3.97874761","3.20936227","2.82084775","2.22334313","2.96314049","2.88974142","2.54319167","3.17061043","3.24930596","3.3424859","3.85042071","3.96008253","4.77195406","4.89949369","4.95088243","5.12285709","6.02194023","5.55116129","4.68260336","","",
"Panama","PAN","Domestic general government health expenditure (% of general government expenditure)","SH.XPD.GHED.GE.ZS","","","","","","","","","","","","","","","","","","","","","","","","","","","","","","","","","","","","","","","","","19.78174782","18.72884369","18.8447361","17.18168831","19.2215004","16.471035","18.55836868","22.24735832","20.06934547","20.48657417","19.22631264","17.98855972","17.10668755","17.40051651","18.43489456","19.71187019","20.34142113","20.79706573","20.19202614","22.34857178","20.1349411","21.34799576","22.3041935","19.84910965","","",
"Peru","PER","Domestic general government health expenditure (% of general government expenditure)","SH.XPD.GHED.GE.ZS","","","","","","","","","","","","","","","","","","","","","","","","","","","","","","","","","","","","","","","","","10.76997662","11.82719135","12.83901119","11.61311531","11.77817726","12.59054375","11.56533909","11.58643723","10.98999786","11.67159462","11.6243124","11.69203568","12.24156475","12.31632423","13.09590244","13.54340839","14.63433075","14.43339157","14.89298248","15.34553719","16.6725502","18.98254204","16.66332245","15.95128155","","",
"Philippines","PHL","Domestic general government health expenditure (% of general government expenditure)","SH.XPD.GHED.GE.ZS","","","","","","","","","","","","","","","","","","","","","","","","","","","","","","","","","","","","","","","","","6.51838589","5.5015583","4.75280809","5.4588623","5.61920071","6.60978031","6.63096142","6.46384048","6.51014423","6.64473581","7.18279028","6.16743231","6.20142746","6.46710253","7.50540447","8.25687599","7.75196695","7.62032938","7.34612989","7.78876352","9.00173473","9.82003498","8.9760952","8.76994514","","",
"Palau","PLW","Domestic general government health expenditure (% of general government expenditure)","SH.XPD.GHED.GE.ZS","","","","","","","","","","","","","","","","","","","","","","","","","","","","","","","","","","","","","","","","","8.09789371","7.97266722","7.39075327","8.1612854","8.50177288","8.61445904","7.98250914","6.94343662","6.87531042","9.42625618","8.68756962","9.84758472","11.14592838","13.61183643","13.9167347","13.99006367","13.90622139","16.24486351","16.0098114","16.55340767","11.80747986","11.69281769","12.75415993","13.26011753","","",
"Papua New Guinea","PNG","Domestic general government health expenditure (% of general government expenditure)","SH.XPD.GHED.GE.ZS","","","","","","","","","","","","","","","","","","","","","","","","","","","","","","","","","","","","","","","","","8.31666756","7.733428","8.47603893","7.63461208","8.74625015","7.8258791","8.3770504","9.06886101","7.66453409","6.31518459","7.0693121","7.60423183","8.12861252","7.1877017","7.47008181","6.0310936","8.04091835","9.15498066","7.94931364","6.36984921","6.7297945","5.32512045","6.98782349","9.45044518","","",
"Poland","POL","Domestic general government health expenditure (% of general government expenditure)","SH.XPD.GHED.GE.ZS","","","","","","","","","","","","","","","","","","","","","","","","","","","","","","","","","","","","","","","","","8.38121891","8.89294815","9.391572","8.952384","9.10989761","8.9949913","9.0035038","9.54005432","10.27323627","10.49800205","9.98204041","10.05437851","10.07476521","10.49304199","10.47100353","10.63470554","10.94734287","10.93835545","10.82728767","11.01052094","9.6803627","10.53453255","11.03518772","11.74520302","","",
"Pre-demographic dividend","PRE","Domestic general government health expenditure (% of general government expenditure)","SH.XPD.GHED.GE.ZS","","","","","","","","","","","","","","","","","","","","","","","","","","","","","","","","","","","","","","","","","","","","","","","","","","","","","","","","","","","","","","","","","","",
"Puerto Rico (US)","PRI","Domestic general government health expenditure (% of general government expenditure)","SH.XPD.GHED.GE.ZS","","","","","","","","","","","","","","","","","","","","","","","","","","","","","","","","","","","","","","","","","","","","","","","","","","","","","","","","","","","","","","","","","","",
"Korea, Dem. People's Rep.","PRK","Domestic general government health expenditure (% of general government expenditure)","SH.XPD.GHED.GE.ZS","","","","","","","","","","","","","","","","","","","","","","","","","","","","","","","","","","","","","","","","","","","","","","","","","","","","","","","","","","","","","","","","","","",
"Portugal","PRT","Domestic general government health expenditure (% of general government expenditure)","SH.XPD.GHED.GE.ZS","","","","","","","","","","","","","","","","","","","","","","","","","","","","","","","","","","","","","","","","","14.0621748","13.71931458","14.46171665","14.18187332","14.53673935","14.63061142","13.11677647","13.03480053","13.16810226","12.861516","12.84303665","12.53102016","12.09683132","11.71395683","11.14735508","11.91233253","12.90046787","12.53606796","13.31257248","13.60357857","13.75505638","14.79358482","14.98520088","14.56064987","","",
"Paraguay","PRY","Domestic general government health expenditure (% of general government expenditure)","SH.XPD.GHED.GE.ZS","","","","","","","","","","","","","","","","","","","","","","","","","","","","","","","","","","","","","","","","","11.8494072","10.22955513","8.3170042","10.3490591","10.34750175","10.88833141","11.86864185","12.62959003","12.98832893","13.95690155","14.52885723","15.79585648","16.35595512","15.14324665","18.45129776","17.55841637","17.78600121","16.76217079","16.38777924","16.44912148","18.26264954","21.84190941","20.26028252","21.56653404","","",
"West Bank and Gaza","PSE","Domestic general government health expenditure (% of general government expenditure)","SH.XPD.GHED.GE.ZS","","","","","","","","","","","","","","","","","","","","","","","","","","","","","","","","","","","","","","","","","5.84337044","5.02039194","6.19423246","7.3693881","7.39701176","8.14653969","6.95828247","7.4269166","8.50026321","8.17275143","9.46368885","9.85453892","9.59289837","10.68764305","9.71858978","9.92882061","8.7594099","10.61223793","10.11343002","12.92401981","11.66641903","13.84066105","13.4776783","14.43092155","","",
"Pacific island small states","PSS","Domestic general government health expenditure (% of general government expenditure)","SH.XPD.GHED.GE.ZS","","","","","","","","","","","","","","","","","","","","","","","","","","","","","","","","","","","","","","","","","","","","","","","","","","","","8.43388488646127","8.73831722121673","8.50011005393969","7.98695084402673","7.97526946477772","7.87004360493281","8.0394723481384","8.52447108930413","9.01400299405577","8.88895460770066","9.57735903040259","9.54648737540555","","","",
"Post-demographic dividend","PST","Domestic general government health expenditure (% of general government expenditure)","SH.XPD.GHED.GE.ZS","","","","","","","","","","","","","","","","","","","","","","","","","","","","","","","","","","","","","","","","","14.6183290070217","15.1030651937097","15.4189979799499","15.4851991836091","15.7370806746125","15.9176460436987","16.1694711512213","16.1410070489997","16.0367412523554","16.1872172889573","16.3956086732942","16.8750039895797","17.0691364208712","17.2236584239811","17.7987215211936","18.5050101488839","18.7971580525157","18.9052417887338","18.929583039075","19.0285779703883","19.0120128285828","19.1914659880545","19.9877747317666","19.0835671235163","","",
"French Polynesia","PYF","Domestic general government health expenditure (% of general government expenditure)","SH.XPD.GHED.GE.ZS","","","","","","","","","","","","","","","","","","","","","","","","","","","","","","","","","","","","","","","","","","","","","","","","","","","","","","","","","","","","","","","","","","",
"Qatar","QAT","Domestic general government health expenditure (% of general government expenditure)","SH.XPD.GHED.GE.ZS","","","","","","","","","","","","","","","","","","","","","","","","","","","","","","","","","","","","","","","","","3.94152761","4.55468082","4.90160227","9.21753025","7.97813177","6.62295008","5.79555845","5.25385904","5.19438267","4.64607239","4.149333","4.12907839","4.46552658","6.17656279","6.50387287","8.28593731","7.58855581","7.82535124","8.67802334","8.38503265","9.53888798","8.37510967","7.38405895","7.6858201","","",
"Romania","ROU","Domestic general government health expenditure (% of general government expenditure)","SH.XPD.GHED.GE.ZS","","","","","","","","","","","","","","","","","","","","","","","","","","","","","","","","","","","","","","","","","8.65739632","9.60567093","10.54747868","12.99804401","11.96030045","13.16346741","11.28106403","10.90507507","10.79983711","10.44604111","11.44624329","8.84608936","9.60762787","11.520751","11.16535473","10.73946667","11.41569424","12.15092087","12.80216503","12.66528702","11.99079895","12.27709198","11.0652771","10.65943336","","",
"Russian Federation","RUS","Domestic general government health expenditure (% of general government expenditure)","SH.XPD.GHED.GE.ZS","","","","","","","","","","","","","","","","","","","","","","","","","","","","","","","","","","","","","","","","","9.72129631","9.67133141","9.51892662","9.20299911","9.44207001","9.90451813","10.13223743","9.22400856","9.59382248","9.07605648","8.59383297","9.03166866","9.24172211","9.14695454","9.16428947","8.81614971","8.23394585","8.78356075","9.76066208","10.19961929","15.01321125","13.99600124","13.7402277","13.6688633","","",
"Rwanda","RWA","Domestic general government health expenditure (% of general government expenditure)","SH.XPD.GHED.GE.ZS","","","","","","","","","","","","","","","","","","","","","","","","","","","","","","","","","","","","","","","","","3.54361153","3.66130519","3.70572662","12.45489502","10.78895473","8.09271908","7.20270061","7.79290724","8.0763216","8.43024445","8.55642414","8.90067959","8.36301804","8.30411816","7.98190641","7.9149456","6.23024607","6.23024607","6.23024607","6.27615356","6.39129972","8.35194492","8.20253277","8.92309856","","",
"South Asia","SAS","Domestic general government health expenditure (% of general government expenditure)","SH.XPD.GHED.GE.ZS","","","","","","","","","","","","","","","","","","","","","","","","","","","","","","","","","","","","","","","","","3.42239740263292","3.24972171269939","3.18765521986315","3.07446658868294","3.09510879906488","3.2755104169263","3.23379637967469","3.10547930648964","3.09002957942298","3.37059817768477","3.34907674578715","3.61915537706958","3.62901732681718","3.49439884257917","3.53073200024754","3.65195724116332","3.68059559241729","3.85967466003137","3.89911620564299","","","","4.803485017112","","","",
"Saudi Arabia","SAU","Domestic general government health expenditure (% of general government expenditure)","SH.XPD.GHED.GE.ZS","","","","","","","","","","","","","","","","","","","","","","","","","","","","","","","","","","","","","","","","","9.1586647","8.7618742","8.5682354","8.69626904","8.23897934","8.80391121","9.68641186","8.51324272","7.08181906","7.5224123","6.84370041","7.57989597","8.25906754","8.74786663","9.27807522","10.06429672","12.60635757","13.51315784","11.04889965","11.97922897","13.31901741","14.40493202","14.51105118","13.69143009","","",
"Sudan","SDN","Domestic general government health expenditure (% of general government expenditure)","SH.XPD.GHED.GE.ZS","","","","","","","","","","","","","","","","","","","","","","","","","","","","","","","","","","","","","","","","","11.77479267","11.36873627","10.70719147","10.07152081","9.52674675","8.09948635","9.4422226","10.46531487","8.78631306","14.01954556","9.48801804","7.03567696","9.06086254","7.5176096","10.61807156","6.66369581","12.92873669","8.32499409","6.17103291","5.55815172","9.54511547","7.86141205","4.62260628","7.14617443","","",
"Senegal","SEN","Domestic general government health expenditure (% of general government expenditure)","SH.XPD.GHED.GE.ZS","","","","","","","","","","","","","","","","","","","","","","","","","","","","","","","","","","","","","","","","","8.95994949","9.01053238","8.63635921","9.04788303","8.96697044","8.54413509","8.2667284","5.94807863","6.62481499","6.66027403","5.35332537","5.62811661","5.30755901","5.299932","4.67551136","4.69870329","4.45693302","4.49900484","4.96151876","3.50027966","5.84758186","3.87724304","3.34449053","3.57454634","","",
"Singapore","SGP","Domestic general government health expenditure (% of general government expenditure)","SH.XPD.GHED.GE.ZS","","","","","","","","","","","","","","","","","","","","","","","","","","","","","","","","","","","","","","","","","7.39189529","4.87020969","6.54224348","8.32677841","7.12897968","7.88790894","7.84840441","10.34652805","8.65292072","7.14675617","10.94287872","11.97459507","13.21419811","13.96146393","13.65520763","13.53679276","13.30733299","15.31318092","14.57274723","16.28944588","13.85786724","19.15128708","17.41417694","17.38876152","","",
"Solomon Islands","SLB","Domestic general government health expenditure (% of general government expenditure)","SH.XPD.GHED.GE.ZS","","","","","","","","","","","","","","","","","","","","","","","","","","","","","","","","","","","","","","","","","23.80240631","33.21530533","34.48480606","35.17979813","33.37229538","37.61906815","26.3789711","20.93453407","11.70896435","12.50418663","12.31774998","10.61887932","10.03662777","6.63844633","7.42152691","7.40240622","7.96234083","7.66648483","8.50990391","9.15350819","8.9738102","9.13815498","8.14928246","8.40792561","","",
"Sierra Leone","SLE","Domestic general government health expenditure (% of general government expenditure)","SH.XPD.GHED.GE.ZS","","","","","","","","","","","","","","","","","","","","","","","","","","","","","","","","","","","","","","","","","5.45097542","5.45097542","5.45097542","5.45097542","5.45097542","5.45097542","5.45097542","5.45097542","4.41303635","5.60554171","6.5142417","5.35433006","4.75321102","5.15012884","7.57988453","6.20521784","4.44511318","3.63211203","3.59921885","5.84172201","5.30239677","5.66690063","4.46844816","4.46844816","","",
"El Salvador","SLV","Domestic general government health expenditure (% of general government expenditure)","SH.XPD.GHED.GE.ZS","","","","","","","","","","","","","","","","","","","","","","","","","","","","","","","","","","","","","","","","","18.81376648","17.68815994","17.78228951","17.18667603","18.6806469","18.93865585","19.30836487","17.98424721","16.65882492","15.81473637","17.08551788","18.98602867","16.2677002","16.71699905","16.9780407","17.73853302","17.65205383","16.31419945","16.46056175","16.971138","17.72463989","20.65044975","21.43788528","18.50918007","","",
"San Marino","SMR","Domestic general government health expenditure (% of general government expenditure)","SH.XPD.GHED.GE.ZS","","","","","","","","","","","","","","","","","","","","","","","","","","","","","","","","","","","","","","","","","19.72222137","19.72222137","19.72222137","19.72222137","19.72222137","19.72222137","19.72222137","19.72222137","19.72222137","20.10869598","21.96531868","28.19811058","26.05867577","24.33996773","30.79091644","27.73473549","31.49183083","28.2982235","29.98806953","32.23926163","12.86369801","17.85217285","29.50914192","26.19780731","","",
"Somalia, Fed. Rep.","SOM","Domestic general government health expenditure (% of general government expenditure)","SH.XPD.GHED.GE.ZS","","","","","","","","","","","","","","","","","","","","","","","","","","","","","","","","","","","","","","","","","","","","","","","","","","","","","","5.76282883","4.11156416","5.25173187","5.77611828","4.72644377","4.0835619","4.13649559","4.21281672","7.1242857","4.42007399","7.90446997","","",
"Serbia","SRB","Domestic general government health expenditure (% of general government expenditure)","SH.XPD.GHED.GE.ZS","","","","","","","","","","","","","","","","","","","","","","","","","","","","","","","","","","","","","","","","","13.56817055","13.56817055","13.56817055","13.56351852","13.70559883","13.61884022","12.53220367","13.55892181","12.92955971","13.46972656","13.56146622","13.37896156","12.83907032","13.17477703","12.02126503","11.91801167","11.64864445","11.78833294","12.44849491","12.03067684","10.999547","13.6076746","13.95386887","12.96566105","","",
"Sub-Saharan Africa (excluding high income)","SSA","Domestic general government health expenditure (% of general government expenditure)","SH.XPD.GHED.GE.ZS","","","","","","","","","","","","","","","","","","","","","","","","","","","","","","","","","","","","","","","","","","","","","","","","","","","","","","","","10.8947029146584","11.027031609015","11.3270804476033","11.1304874013112","11.3023924986485","","","","","","",
"South Sudan","SSD","Domestic general government health expenditure (% of general government expenditure)","SH.XPD.GHED.GE.ZS","","","","","","","","","","","","","","","","","","","","","","","","","","","","","","","","","","","","","","","","","","","","","","","","","","","","","","","","","","2.10620522","2.10620522","2.10620522","2.10620522","2.10620522","2.10620522","2.13586187","","",
"Sub-Saharan Africa","SSF","Domestic general government health expenditure (% of general government expenditure)","SH.XPD.GHED.GE.ZS","","","","","","","","","","","","","","","","","","","","","","","","","","","","","","","","","","","","","","","","","","","","","","","","","","","","","","","","10.8947029146585","11.027031609015","11.3270804476033","11.1304874013112","11.3023924986485","","","","","","",
"Small states","SST","Domestic general government health expenditure (% of general government expenditure)","SH.XPD.GHED.GE.ZS","","","","","","","","","","","","","","","","","","","","","","","","","","","","","","","","","","","","","","","","","","","","","","","","","","","10.113396042842","10.0795267870536","9.55750568280306","","10.1658205765461","10.6329364495233","11.3742084278166","11.9245599843778","11.6453475333484","12.4146199130369","","","","","","",
"Sao Tome and Principe","STP","Domestic general government health expenditure (% of general government expenditure)","SH.XPD.GHED.GE.ZS","","","","","","","","","","","","","","","","","","","","","","","","","","","","","","","","","","","","","","","","","32.57132339","7.02692604","8.54080868","11.67833424","8.56359005","11.51896095","1.69165504","4.27638435","4.01797581","3.2723732","4.10028458","4.30936193","4.56686974","8.44008923","7.77581406","4.93684101","8.00215721","10.76263332","9.38566875","9.77780437","12.80399513","13.14262199","8.34457493","8.7735281","","",
"Suriname","SUR","Domestic general government health expenditure (% of general government expenditure)","SH.XPD.GHED.GE.ZS","","","","","","","","","","","","","","","","","","","","","","","","","","","","","","","","","","","","","","","","","11.64874554","8.51552677","11.07381153","11.15236187","11.67535591","10.63834286","12.23231316","11.44394779","10.23190498","9.52487564","9.46824646","8.51203823","6.59049845","7.03142166","6.89829826","10.85628891","13.70886993","11.39440918","17.12870979","15.04520512","13.35005951","10.20583725","14.05054855","11.5488596","","",
"Slovak Republic","SVK","Domestic general government health expenditure (% of general government expenditure)","SH.XPD.GHED.GE.ZS","","","","","","","","","","","","","","","","","","","","","","","","","","","","","","","","","","","","","","","","","8.72183132","10.17947102","10.55007839","11.91282558","13.11000252","12.70239162","12.50330448","13.72518253","14.2542305","13.17728996","13.26732349","12.93232632","13.37163925","13.3428297","12.97653103","12.02904129","13.80519199","13.379529","13.25930309","13.40012074","12.73576641","13.54746342","14.30591583","12.0953331","","",
"Slovenia","SVN","Domestic general government health expenditure (% of general government expenditure)","SH.XPD.GHED.GE.ZS","","","","","","","","","","","","","","","","","","","","","","","","","","","","","","","","","","","","","","","","","11.72850704","11.41798592","12.30063725","12.36503983","12.27515697","12.46758366","12.34893513","12.17958164","12.6067915","12.44719791","12.32549","12.08939648","12.45778847","10.76674747","11.97578907","12.36574936","13.21404934","13.29220009","13.72664261","14.15869808","13.29646873","13.98637009","14.83816338","14.62918472","","",
"Sweden","SWE","Domestic general government health expenditure (% of general government expenditure)","SH.XPD.GHED.GE.ZS","","","","","","","","","","","","","","","","","","","","","","","","","","","","","","","","","","","","","","","","","11.79732227","12.27599049","12.55782509","12.78126812","12.74405289","12.8327198","12.91620255","13.28336716","13.43059635","13.69930458","13.48642731","17.68548012","17.76576233","17.60577965","17.96896553","18.20180321","18.28416634","18.4483757","18.48514175","18.67248726","18.55241394","19.27584457","19.05123329","19.45178604","","",
"Eswatini","SWZ","Domestic general government health expenditure (% of general government expenditure)","SH.XPD.GHED.GE.ZS","","","","","","","","","","","","","","","","","","","","","","","","","","","","","","","","","","","","","","","","","9.79427242","9.28485775","9.1893816","11.39668179","9.74261189","12.61231613","12.62098312","12.37345791","13.34263515","13.33174038","13.75653362","14.27736378","12.65477371","11.66008472","8.50093365","8.58701706","8.21805286","9.97164059","9.69767475","12.93035984","10.39384365","12.30096912","10.63537788","10.63537788","","",
"Sint Maarten (Dutch part)","SXM","Domestic general government health expenditure (% of general government expenditure)","SH.XPD.GHED.GE.ZS","","","","","","","","","","","","","","","","","","","","","","","","","","","","","","","","","","","","","","","","","","","","","","","","","","","","","","","","","","","","","","","","","","",
"Seychelles","SYC","Domestic general government health expenditure (% of general government expenditure)","SH.XPD.GHED.GE.ZS","","","","","","","","","","","","","","","","","","","","","","","","","","","","","","","","","","","","","","","","","6.83102226","8.02577591","6.45610762","9.28865337","9.5548315","9.28934002","7.90729713","7.26253414","8.90184402","7.43247128","8.98343086","8.27868843","10.42676163","8.47202492","9.53861809","9.90167999","9.45435524","9.54629803","9.58416653","9.58416653","9.58416653","9.58416653","9.58416653","9.58416653","","",
"Syrian Arab Republic","SYR","Domestic general government health expenditure (% of general government expenditure)","SH.XPD.GHED.GE.ZS","","","","","","","","","","","","","","","","","","","","","","","","","","","","","","","","","","","","","","","","","5.64728546","6.64888716","7.21175766","7.51466179","6.81887627","7.34346199","6.73750305","6.85482645","6.83824778","5.95036459","5.12483168","3.73561525","4.47145319","5.93319607","7.40168428","7.52296495","8.31573296","8.94476509","8.54822063","9.07068634","10.02773762","7.69676352","7.90796661","7.71054459","","",
"Turks and Caicos Islands","TCA","Domestic general government health expenditure (% of general government expenditure)","SH.XPD.GHED.GE.ZS","","","","","","","","","","","","","","","","","","","","","","","","","","","","","","","","","","","","","","","","","","","","","","","","","","","","","","","","","","","","","","","","","","",
"Chad","TCD","Domestic general government health expenditure (% of general government expenditure)","SH.XPD.GHED.GE.ZS","","","","","","","","","","","","","","","","","","","","","","","","","","","","","","","","","","","","","","","","","11.39878941","11.86877632","11.72442532","8.98155689","15.0313797","12.42341423","7.14463902","5.99494457","4.2314992","3.54986572","3.49792719","3.68802667","3.96469712","5.03679276","5.54861546","5.24520254","5.72502089","4.67839575","4.86149549","4.86149549","3.95443511","5.64191198","7.26373339","7.26373339","","",
"East Asia & Pacific (IDA & IBRD countries)","TEA","Domestic general government health expenditure (% of general government expenditure)","SH.XPD.GHED.GE.ZS","","","","","","","","","","","","","","","","","","","","","","","","","","","","","","","","","","","","","","","","","","","","","","","","","","","","","","","","","","","","","","","","","","",
"Europe & Central Asia (IDA & IBRD countries)","TEC","Domestic general government health expenditure (% of general government expenditure)","SH.XPD.GHED.GE.ZS","","","","","","","","","","","","","","","","","","","","","","","","","","","","","","","","","","","","","","","","","9.07946511443662","9.3216828104125","9.49247771679262","9.53737463554825","9.57565581663328","","","9.60789537580946","10.0226683632069","10.0947543045046","9.67960402484229","9.68257169059658","9.60172082617235","9.61520341951631","9.69915979542969","9.54865358199009","9.55909008762973","9.6955575497802","10.0552458275669","10.2479821855812","12.165446129978","12.4013515675186","12.1019093538413","11.957063645905","","",
"Togo","TGO","Domestic general government health expenditure (% of general government expenditure)","SH.XPD.GHED.GE.ZS","","","","","","","","","","","","","","","","","","","","","","","","","","","","","","","","","","","","","","","","","2.44484162","2.99478221","4.05133438","4.24208784","4.20555353","3.80081558","3.83191919","4.34495354","4.84371662","4.77685833","7.44585991","5.66925287","6.10906744","4.68965626","4.55810213","4.03825331","4.25863695","6.45040607","5.4890213","5.38174009","3.85122466","2.56088448","2.56088448","2.56088448","","",
"Thailand","THA","Domestic general government health expenditure (% of general government expenditure)","SH.XPD.GHED.GE.ZS","","","","","","","","","","","","","","","","","","","","","","","","","","","","","","","","","","","","","","","","","9.24875259","8.37690735","8.71551132","11.45679474","10.7134676","10.5017271","12.11568642","12.38446522","13.49731636","12.45869255","11.56414127","12.84227848","12.64099789","12.16323185","12.66222954","12.47859097","13.58028507","13.10431576","13.12356186","13.28045177","12.15377808","13.70460606","16.01324844","15.55608273","","",
"Tajikistan","TJK","Domestic general government health expenditure (% of general government expenditure)","SH.XPD.GHED.GE.ZS","","","","","","","","","","","","","","","","","","","","","","","","","","","","","","","","","","","","","","","","","4.89296627","5.05747128","4.21875","4.03528118","4.41860485","4.31515169","4.3291769","5.30023098","6.78862953","4.59137583","4.56338024","5.37597609","6.50301933","6.86730862","7.56245518","6.40937662","6.09424782","5.88567734","6.14457893","6.58593607","7.37594461","7.02093792","6.39179087","6.13850975","","",
"Turkmenistan","TKM","Domestic general government health expenditure (% of general government expenditure)","SH.XPD.GHED.GE.ZS","","","","","","","","","","","","","","","","","","","","","","","","","","","","","","","","","","","","","","","","","13.33598137","13.35963154","13.47213745","13.99738979","12.82281208","10.27287388","10.33549213","10.32131672","8.7096386","8.7062273","8.7116909","8.70032692","8.70549202","8.70965767","8.71374321","8.71145439","8.7136755","8.71392441","8.71407223","8.71422386","8.70857811","8.68343639","8.46009445","8.61905384","","",
"Latin America & the Caribbean (IDA & IBRD countries)","TLA","Domestic general government health expenditure (% of general government expenditure)","SH.XPD.GHED.GE.ZS","","","","","","","","","","","","","","","","","","","","","","","","","","","","","","","","","","","","","","","","","","","","","","","","","","","10.5943878017233","10.4384244183729","10.483160559785","11.0035823293396","11.3266443923612","11.4836072031538","11.7079637466162","11.9743877968944","11.75607976117","12.006918532778","12.7258047930432","13.6863166238291","12.2702465807809","11.8371291622756","","",
"Timor-Leste","TLS","Domestic general government health expenditure (% of general government expenditure)","SH.XPD.GHED.GE.ZS","","","","","","","","","","","","","","","","","","","","","","","","","","","","","","","","","","","","","","","","","","","","1.62494636","2.25405741","3.63453341","4.0001564","1.27376139","2.77694035","2.66319609","2.71049976","2.67680979","3.20640516","4.62444115","3.71855545","4.50545216","3.0717392","5.14604425","4.62115145","4.19340992","6.59020758","6.97073126","8.90288162","9.16237926","","",
"Middle East, North Africa, Afghanistan & Pakistan (IDA & IBRD)","TMN","Domestic general government health expenditure (% of general government expenditure)","SH.XPD.GHED.GE.ZS","","","","","","","","","","","","","","","","","","","","","","","","","","","","","","","","","","","","","","","","","","","","","","","","","","","","","","","","","","","","","","","","","","",
"Tonga","TON","Domestic general government health expenditure (% of general government expenditure)","SH.XPD.GHED.GE.ZS","","","","","","","","","","","","","","","","","","","","","","","","","","","","","","","","","","","","","","","","","11.41306496","12.73616314","12.1376667","12.0887661","12.73838425","13.10979271","11.15502167","13.68093872","12.08120918","12.71696186","10.06633854","8.39936638","8.68541527","8.10862732","9.17687607","7.38243437","8.03124809","7.32402325","8.06625938","7.5142417","7.88109159","7.34476376","8.65424824","7.06235838","","",
"South Asia (IDA & IBRD)","TSA","Domestic general government health expenditure (% of general government expenditure)","SH.XPD.GHED.GE.ZS","","","","","","","","","","","","","","","","","","","","","","","","","","","","","","","","","","","","","","","","","3.42239740263292","3.24972171269939","3.18765521986315","3.07446658868294","3.09510879906488","3.2755104169263","3.23379637967469","3.10547930648964","3.09002957942298","3.37059817768477","3.34907674578715","3.61915537706958","3.62901732681718","3.49439884257917","3.53073200024754","3.65195724116332","3.68059559241729","3.85967466003138","3.89911620564299","","","","4.803485017112","","","",
"Sub-Saharan Africa (IDA & IBRD countries)","TSS","Domestic general government health expenditure (% of general government expenditure)","SH.XPD.GHED.GE.ZS","","","","","","","","","","","","","","","","","","","","","","","","","","","","","","","","","","","","","","","","","","","","","","","","","","","","","","","","10.8947029146584","11.027031609015","11.3270804476033","11.1304874013112","11.3023924986485","","","","","","",
"Trinidad and Tobago","TTO","Domestic general government health expenditure (% of general government expenditure)","SH.XPD.GHED.GE.ZS","","","","","","","","","","","","","","","","","","","","","","","","","","","","","","","","","","","","","","","","","6.78572941","7.02246428","8.04972553","8.5635004","8.26660061","8.02571201","5.90168571","7.45142078","6.55431318","7.05066872","8.04406071","8.00888062","7.65985489","7.89306974","7.47479582","8.30910397","10.17078686","11.17306709","10.66987896","10.23995018","9.56479168","11.07291508","11.15391159","11.06523609","","",
"Tunisia","TUN","Domestic general government health expenditure (% of general government expenditure)","SH.XPD.GHED.GE.ZS","","","","","","","","","","","","","","","","","","","","","","","","","","","","","","","","","","","","","","","","","10.54292107","10.57568169","10.98641014","11.40784454","11.54679012","11.35010338","11.73456955","11.84733677","11.84145737","12.0754261","13.03182125","12.38613319","12.63853073","12.49827194","13.54343796","12.1791687","12.51508331","11.56142235","10.78331375","12.07894421","12.48706436","12.38628578","10.83969498","12.10021591","","",
"Turkiye","TUR","Domestic general government health expenditure (% of general government expenditure)","SH.XPD.GHED.GE.ZS","","","","","","","","","","","","","","","","","","","","","","","","","","","","","","","","","","","","","","","","","7.18632746","7.46441364","8.63695431","9.29146957","10.18661499","10.3244648","10.55690098","10.95228481","11.25649643","11.8805933","11.03767395","11.22104549","10.30854511","10.16183186","10.29003143","9.90802383","9.94375896","9.96030045","9.29888058","9.53611851","10.49731636","11.48819828","10.18368053","9.78045368","","",
"Tuvalu","TUV","Domestic general government health expenditure (% of general government expenditure)","SH.XPD.GHED.GE.ZS","","","","","","","","","","","","","","","","","","","","","","","","","","","","","","","","","","","","","","","","","11.93384361","11.4551363","11.25467587","12.85530472","11.935709","11.57466888","9.88550949","10.70711422","11.082201","10.03053665","13.99229622","15.06519794","15.51164532","12.36105442","12.67068005","8.71861744","12.99326706","17.95534515","12.26143551","15.21772289","12.50354004","8.72602558","16.09881592","17.48996162","","",
"Tanzania","TZA","Domestic general government health expenditure (% of general government expenditure)","SH.XPD.GHED.GE.ZS","","","","","","","","","","","","","","","","","","","","","","","","","","","","","","","","","","","","","","","","","6.05200052","8.79931068","9.78842449","9.70851707","11.55348301","12.6199131","13.50882816","10.88657188","12.48550034","7.58396149","7.32137966","6.76211929","6.00571394","6.30686235","6.93784666","7.33062935","9.52143383","9.52143383","9.41473198","9.43801022","4.94000149","5.13516998","5.13516998","5.13516998","","",
"Uganda","UGA","Domestic general government health expenditure (% of general government expenditure)","SH.XPD.GHED.GE.ZS","","","","","","","","","","","","","","","","","","","","","","","","","","","","","","","","","","","","","","","","","8.33076477","8.33076477","8.74810505","8.94976044","8.76736164","7.13526297","7.16093779","7.79291201","7.25114584","7.03290558","7.1137476","6.89700985","7.05044317","7.32427549","7.00898075","5.08453417","5.17819309","3.92163825","4.16811514","3.13882995","5.55403566","5.35358","4.86039877","4.86039877","","",
"Ukraine","UKR","Domestic general government health expenditure (% of general government expenditure)","SH.XPD.GHED.GE.ZS","","","","","","","","","","","","","","","","","","","","","","","","","","","","","","","","","","","","","","","","","7.08121443","7.63454914","8.10631752","9.38550282","8.1810751","8.43188095","8.69689655","8.16024208","6.77591944","7.91855955","7.50049877","7.49281168","7.64040852","6.94465542","7.71915102","8.56910324","8.93867588","8.44696903","8.35254765","7.65581417","8.17341805","10.56005383","","","","",
"Upper middle income","UMC","Domestic general government health expenditure (% of general government expenditure)","SH.XPD.GHED.GE.ZS","","","","","","","","","","","","","","","","","","","","","","","","","","","","","","","","","","","","","","","","","","","","","","","","","","","","","","","","","","","","","","","","","","",
"Uruguay","URY","Domestic general government health expenditure (% of general government expenditure)","SH.XPD.GHED.GE.ZS","","","","","","","","","","","","","","","","","","","","","","","","","","","","","","","","","","","","","","","","","14.3447504","15.75048256","16.74390793","18.08441544","16.24844742","13.28085995","13.70522308","13.53648949","17.32947922","17.27192497","17.25056648","18.4862957","18.63942528","18.63327599","18.82110596","19.92226028","20.24422646","20.31971931","20.26075935","20.10689545","19.82462311","21.67057037","20.94417","21.37979126","","",
"United States","USA","Domestic general government health expenditure (% of general government expenditure)","SH.XPD.GHED.GE.ZS","","","","","","","","","","","","","","","","","","","","","","","","","","","","","","","","","","","","","","","","","16.16093826","16.76017952","17.22017479","17.5054512","17.92694855","17.94141579","18.57419968","18.49819565","18.201231","18.22518158","18.43406487","18.92724228","19.64053917","20.36149597","21.47860718","22.3181076","22.4877243","22.58487129","22.58873749","22.48074913","22.29912567","21.24764442","23.77053261","23.01913452","","",
"Uzbekistan","UZB","Domestic general government health expenditure (% of general government expenditure)","SH.XPD.GHED.GE.ZS","","","","","","","","","","","","","","","","","","","","","","","","","","","","","","","","","","","","","","","","","6.10871267","6.64425468","5.58452082","6.01096392","6.13769007","6.46768093","7.8006072","7.23850489","7.23448753","7.26864672","8.03938007","8.83177662","9.76258659","9.51825428","9.30243683","9.59653759","8.82013798","8.99117374","7.82814789","8.27828789","10.79321957","9.89793396","7.12650585","7.89534664","","",
"St. Vincent and the Grenadines","VCT","Domestic general government health expenditure (% of general government expenditure)","SH.XPD.GHED.GE.ZS","","","","","","","","","","","","","","","","","","","","","","","","","","","","","","","","","","","","","","","","","11.68052864","11.23740292","10.86500263","10.12181568","9.93319798","9.00889111","8.33322239","7.85957575","8.15413094","8.06542397","8.20729446","8.15968227","10.48249531","9.07220364","8.32666492","9.15348911","9.55696583","10.10502338","10.64669037","9.85360909","9.96682358","9.59724998","8.70174885","7.88985729","","",
"Venezuela, RB","VEN","Domestic general government health expenditure (% of general government expenditure)","SH.XPD.GHED.GE.ZS","","","","","","","","","","","","","","","","","","","","","","","","","","","","","","","","","","","","","","","","","","","","","","","","","","","","","","","","","","","1.69755101","1.61002028","5.84996223","4.43995523","5.87426472","3.62696505","","",
"British Virgin Islands","VGB","Domestic general government health expenditure (% of general government expenditure)","SH.XPD.GHED.GE.ZS","","","","","","","","","","","","","","","","","","","","","","","","","","","","","","","","","","","","","","","","","","","","","","","","","","","","","","","","","","","","","","","","","","",
"Virgin Islands (U.S.)","VIR","Domestic general government health expenditure (% of general government expenditure)","SH.XPD.GHED.GE.ZS","","","","","","","","","","","","","","","","","","","","","","","","","","","","","","","","","","","","","","","","","","","","","","","","","","","","","","","","","","","","","","","","","","",
"Viet Nam","VNM","Domestic general government health expenditure (% of general government expenditure)","SH.XPD.GHED.GE.ZS","","","","","","","","","","","","","","","","","","","","","","","","","","","","","","","","","","","","","","","","","9.4822588","8.20207787","8.61995983","7.16033077","8.6892519","8.66923904","8.76698685","7.93691111","8.12048721","6.85301065","8.6057291","9.1072073","9.5150404","8.16121387","9.12324142","8.49385166","9.59658623","10.09323883","10.21770763","10.19859123","8.42611885","9.740695","10.8293848","10.4517107","","",
"Vanuatu","VUT","Domestic general government health expenditure (% of general government expenditure)","SH.XPD.GHED.GE.ZS","","","","","","","","","","","","","","","","","","","","","","","","","","","","","","","","","","","","","","","","","9.70482826","11.26528454","11.74639893","13.21412563","12.55610371","11.70509243","10.67226028","9.90232372","8.17712116","7.26699162","6.84730673","9.39647675","9.402668","9.8033247","2.51899242","4.75987148","3.66210938","3.96174479","6.4368844","4.78193808","5.9300437","2.77639413","3.8552773","5.60082197","","",
"World","WLD","Domestic general government health expenditure (% of general government expenditure)","SH.XPD.GHED.GE.ZS","","","","","","","","","","","","","","","","","","","","","","","","","","","","","","","","","","","","","","","","","","","","","","","","","","","","","","","","","","","","","","","","","","",
"Samoa","WSM","Domestic general government health expenditure (% of general government expenditure)","SH.XPD.GHED.GE.ZS","","","","","","","","","","","","","","","","","","","","","","","","","","","","","","","","","","","","","","","","","11.796875","10.39145947","11.10032368","9.87378597","11.03975582","10.4049387","12.41772175","10.55648518","12.51867199","12.67088604","13.22879696","10.89130402","11.64214039","13.1184063","13.79793644","13.7702322","13.9399271","12.70851231","12.32514381","13.61375618","14.5670929","14.63305664","14.61271286","14.63303661","","",
"Kosovo","XKX","Domestic general government health expenditure (% of general government expenditure)","SH.XPD.GHED.GE.ZS","","","","","","","","","","","","","","","","","","","","","","","","","","","","","","","","","","","","","","","","","","","","","","","","","","","","","","","","","","","","","","","","","","",
"Yemen, Rep.","YEM","Domestic general government health expenditure (% of general government expenditure)","SH.XPD.GHED.GE.ZS","","","","","","","","","","","","","","","","","","","","","","","","","","","","","","","","","","","","","","","","","7.48521662","8.12738132","7.57236004","6.80722618","5.71684551","4.50115108","4.35058546","3.87601113","3.88588715","3.71630144","3.84780169","3.65991807","3.42734075","3.18082356","2.82031083","2.22872186","3.36463666","3.66834998","5.39210606","6.90042734","8.07404995","8.62390709","7.54577398","6.96322203","","",
"South Africa","ZAF","Domestic general government health expenditure (% of general government expenditure)","SH.XPD.GHED.GE.ZS","","","","","","","","","","","","","","","","","","","","","","","","","","","","","","","","","","","","","","","","","11.85530758","10.62284565","10.37981224","12.33823776","12.0292511","10.91880608","13.09509182","13.50931835","13.01471424","13.36997318","14.11525917","14.67442226","14.46731377","14.33791637","14.9161272","15.23773575","15.28983974","15.28983974","15.28983974","15.28983974","16.88567543","16.88567543","16.88567543","16.88567543","","",
"Zambia","ZMB","Domestic general government health expenditure (% of general government expenditure)","SH.XPD.GHED.GE.ZS","","","","","","","","","","","","","","","","","","","","","","","","","","","","","","","","","","","","","","","","","6.88475037","6.88475037","6.88475037","5.32276154","5.65226936","5.53764105","6.74704027","7.46810293","8.14711761","9.36578655","8.63391781","8.0581131","7.05769587","5.45231676","7.78466225","7.56145144","7.16456938","10.05217934","7.52910423","7.57306385","10.56005478","9.25484943","8.88877583","8.88877583","","",
"Zimbabwe","ZWE","Domestic general government health expenditure (% of general government expenditure)","SH.XPD.GHED.GE.ZS","","","","","","","","","","","","","","","","","","","","","","","","","","","","","","","","","","","","","","","","","","","","","","","","","","","13.76667213","12.71787548","13.99154949","8.07236576","10.9262495","6.20545101","5.48901558","6.97941875","7.97632647","3.26649117","4.7405839","4.7405839","4.7405839","4.7405839","","",
